"","period","ratio","group","카테고리명","성별","검색기기","년도","월"
"1","2017-01-01",83.04782,30,"가구_인테리어","여자","mobile","2017","01"
"2","2017-02-01",69.57154,30,"가구_인테리어","여자","mobile","2017","02"
"3","2017-03-01",85.21921,30,"가구_인테리어","여자","mobile","2017","03"
"4","2017-04-01",73.77196,30,"가구_인테리어","여자","mobile","2017","04"
"5","2017-05-01",67.46805,30,"가구_인테리어","여자","mobile","2017","05"
"6","2017-06-01",60.69785,30,"가구_인테리어","여자","mobile","2017","06"
"7","2017-07-01",54.4974,30,"가구_인테리어","여자","mobile","2017","07"
"8","2017-08-01",53.94523,30,"가구_인테리어","여자","mobile","2017","08"
"9","2017-09-01",51.67829,30,"가구_인테리어","여자","mobile","2017","09"
"10","2017-10-01",69.06119,30,"가구_인테리어","여자","mobile","2017","10"
"11","2017-11-01",62.42828,30,"가구_인테리어","여자","mobile","2017","11"
"12","2017-12-01",70.0561,30,"가구_인테리어","여자","mobile","2017","12"
"13","2018-01-01",74.81505,30,"가구_인테리어","여자","mobile","2018","01"
"14","2018-02-01",63.62414,30,"가구_인테리어","여자","mobile","2018","02"
"15","2018-03-01",72.58397,30,"가구_인테리어","여자","mobile","2018","03"
"16","2018-04-01",62.08459,30,"가구_인테리어","여자","mobile","2018","04"
"17","2018-05-01",60.45844,30,"가구_인테리어","여자","mobile","2018","05"
"18","2018-06-01",58.52104,30,"가구_인테리어","여자","mobile","2018","06"
"19","2018-07-01",57.75675,30,"가구_인테리어","여자","mobile","2018","07"
"20","2018-08-01",59.24264,30,"가구_인테리어","여자","mobile","2018","08"
"21","2018-09-01",58.96021,30,"가구_인테리어","여자","mobile","2018","09"
"22","2018-10-01",69.96854,30,"가구_인테리어","여자","mobile","2018","10"
"23","2018-11-01",67.56151,30,"가구_인테리어","여자","mobile","2018","11"
"24","2018-12-01",71.01564,30,"가구_인테리어","여자","mobile","2018","12"
"25","2019-01-01",66.58228,30,"가구_인테리어","여자","mobile","2019","01"
"26","2019-02-01",57.67674,30,"가구_인테리어","여자","mobile","2019","02"
"27","2019-03-01",59.94873,30,"가구_인테리어","여자","mobile","2019","03"
"28","2019-04-01",50.39722,30,"가구_인테리어","여자","mobile","2019","04"
"29","2019-05-01",53.44883,30,"가구_인테리어","여자","mobile","2019","05"
"30","2019-06-01",56.34423,30,"가구_인테리어","여자","mobile","2019","06"
"31","2019-07-01",61.0161,30,"가구_인테리어","여자","mobile","2019","07"
"32","2019-08-01",64.54005,30,"가구_인테리어","여자","mobile","2019","08"
"33","2019-09-01",66.24213,30,"가구_인테리어","여자","mobile","2019","09"
"34","2019-10-01",70.87589,30,"가구_인테리어","여자","mobile","2019","10"
"35","2019-11-01",72.69474,30,"가구_인테리어","여자","mobile","2019","11"
"36","2019-12-01",71.97518,30,"가구_인테리어","여자","mobile","2019","12"
"37","2020-01-01",64.26349,30,"가구_인테리어","여자","mobile","2020","01"
"38","2020-02-01",74.85482,30,"가구_인테리어","여자","mobile","2020","02"
"39","2020-03-01",95.87542,30,"가구_인테리어","여자","mobile","2020","03"
"40","2020-04-01",87.80955,30,"가구_인테리어","여자","mobile","2020","04"
"41","2020-05-01",81.17461,30,"가구_인테리어","여자","mobile","2020","05"
"42","2020-06-01",73.35787,30,"가구_인테리어","여자","mobile","2020","06"
"43","2020-07-01",69.28509,30,"가구_인테리어","여자","mobile","2020","07"
"44","2020-08-01",76.14441,30,"가구_인테리어","여자","mobile","2020","08"
"45","2020-09-01",82.85652,30,"가구_인테리어","여자","mobile","2020","09"
"46","2020-10-01",78.57859,30,"가구_인테리어","여자","mobile","2020","10"
"47","2020-11-01",78.40907,30,"가구_인테리어","여자","mobile","2020","11"
"48","2020-12-01",100,30,"가구_인테리어","여자","mobile","2020","12"
"49","2017-01-01",61.44523,30,"가구_인테리어","남자","pc","2017","01"
"50","2017-02-01",40.45466,30,"가구_인테리어","남자","pc","2017","02"
"51","2017-03-01",60.2246,30,"가구_인테리어","남자","pc","2017","03"
"52","2017-04-01",68.66154,30,"가구_인테리어","남자","pc","2017","04"
"53","2017-05-01",68.12617,30,"가구_인테리어","남자","pc","2017","05"
"54","2017-06-01",57.03133,30,"가구_인테리어","남자","pc","2017","06"
"55","2017-07-01",64.59593,30,"가구_인테리어","남자","pc","2017","07"
"56","2017-08-01",74.14277,30,"가구_인테리어","남자","pc","2017","08"
"57","2017-09-01",59.66799,30,"가구_인테리어","남자","pc","2017","09"
"58","2017-10-01",106.66841,30,"가구_인테리어","남자","pc","2017","10"
"59","2017-11-01",80.78626,30,"가구_인테리어","남자","pc","2017","11"
"60","2017-12-01",75.84798,30,"가구_인테리어","남자","pc","2017","12"
"61","2018-01-01",76.17206,30,"가구_인테리어","남자","pc","2018","01"
"62","2018-02-01",63.77183,30,"가구_인테리어","남자","pc","2018","02"
"63","2018-03-01",80.1123,30,"가구_인테리어","남자","pc","2018","03"
"64","2018-04-01",73.58831,30,"가구_인테리어","남자","pc","2018","04"
"65","2018-05-01",71.50937,30,"가구_인테리어","남자","pc","2018","05"
"66","2018-06-01",65.16521,30,"가구_인테리어","남자","pc","2018","06"
"67","2018-07-01",71.92643,30,"가구_인테리어","남자","pc","2018","07"
"68","2018-08-01",72.3782,30,"가구_인테리어","남자","pc","2018","08"
"69","2018-09-01",64.65351,30,"가구_인테리어","남자","pc","2018","09"
"70","2018-10-01",92.85042,30,"가구_인테리어","남자","pc","2018","10"
"71","2018-11-01",79.64867,30,"가구_인테리어","남자","pc","2018","11"
"72","2018-12-01",76.26891,30,"가구_인테리어","남자","pc","2018","12"
"73","2019-01-01",90.89889,30,"가구_인테리어","남자","pc","2019","01"
"74","2019-02-01",87.089,30,"가구_인테리어","남자","pc","2019","02"
"75","2019-03-01",100,30,"가구_인테리어","남자","pc","2019","03"
"76","2019-04-01",78.51508,30,"가구_인테리어","남자","pc","2019","04"
"77","2019-05-01",74.89257,30,"가구_인테리어","남자","pc","2019","05"
"78","2019-06-01",73.29909,30,"가구_인테리어","남자","pc","2019","06"
"79","2019-07-01",79.25693,30,"가구_인테리어","남자","pc","2019","07"
"80","2019-08-01",70.61363,30,"가구_인테리어","남자","pc","2019","08"
"81","2019-09-01",69.63903,30,"가구_인테리어","남자","pc","2019","09"
"82","2019-10-01",79.03243,30,"가구_인테리어","남자","pc","2019","10"
"83","2019-11-01",78.51108,30,"가구_인테리어","남자","pc","2019","11"
"84","2019-12-01",76.68984,30,"가구_인테리어","남자","pc","2019","12"
"85","2020-01-01",69.96912,30,"가구_인테리어","남자","pc","2020","01"
"86","2020-02-01",76.1704,30,"가구_인테리어","남자","pc","2020","02"
"87","2020-03-01",92.35298,30,"가구_인테리어","남자","pc","2020","03"
"88","2020-04-01",91.18381,30,"가구_인테리어","남자","pc","2020","04"
"89","2020-05-01",87.06386,30,"가구_인테리어","남자","pc","2020","05"
"90","2020-06-01",80.0589,30,"가구_인테리어","남자","pc","2020","06"
"91","2020-07-01",76.20838,30,"가구_인테리어","남자","pc","2020","07"
"92","2020-08-01",74.47791,30,"가구_인테리어","남자","pc","2020","08"
"93","2020-09-01",80.79067,30,"가구_인테리어","남자","pc","2020","09"
"94","2020-10-01",79.1508,30,"가구_인테리어","남자","pc","2020","10"
"95","2020-11-01",84.05568,30,"가구_인테리어","남자","pc","2020","11"
"96","2020-12-01",99.19705,30,"가구_인테리어","남자","pc","2020","12"
"97","2017-01-01",64.09385,30,"디지털_가전","여자","mobile","2017","01"
"98","2017-02-01",56.10185,30,"디지털_가전","여자","mobile","2017","02"
"99","2017-03-01",60.89875,30,"디지털_가전","여자","mobile","2017","03"
"100","2017-04-01",65.20184,30,"디지털_가전","여자","mobile","2017","04"
"101","2017-05-01",62.6813,30,"디지털_가전","여자","mobile","2017","05"
"102","2017-06-01",54.88444,30,"디지털_가전","여자","mobile","2017","06"
"103","2017-07-01",64.83435,30,"디지털_가전","여자","mobile","2017","07"
"104","2017-08-01",48.11027,30,"디지털_가전","여자","mobile","2017","08"
"105","2017-09-01",36.01464,30,"디지털_가전","여자","mobile","2017","09"
"106","2017-10-01",49.27553,30,"디지털_가전","여자","mobile","2017","10"
"107","2017-11-01",53.32393,30,"디지털_가전","여자","mobile","2017","11"
"108","2017-12-01",54.69663,30,"디지털_가전","여자","mobile","2017","12"
"109","2018-01-01",62.05204,30,"디지털_가전","여자","mobile","2018","01"
"110","2018-02-01",53.67871,30,"디지털_가전","여자","mobile","2018","02"
"111","2018-03-01",60.93067,30,"디지털_가전","여자","mobile","2018","03"
"112","2018-04-01",55.93792,30,"디지털_가전","여자","mobile","2018","04"
"113","2018-05-01",57.88207,30,"디지털_가전","여자","mobile","2018","05"
"114","2018-06-01",53.74915,30,"디지털_가전","여자","mobile","2018","06"
"115","2018-07-01",61.88166,30,"디지털_가전","여자","mobile","2018","07"
"116","2018-08-01",53.44224,30,"디지털_가전","여자","mobile","2018","08"
"117","2018-09-01",46.4984,30,"디지털_가전","여자","mobile","2018","09"
"118","2018-10-01",54.68427,30,"디지털_가전","여자","mobile","2018","10"
"119","2018-11-01",58.33691,30,"디지털_가전","여자","mobile","2018","11"
"120","2018-12-01",58.26273,30,"디지털_가전","여자","mobile","2018","12"
"121","2019-01-01",60.01023,30,"디지털_가전","여자","mobile","2019","01"
"122","2019-02-01",51.25557,30,"디지털_가전","여자","mobile","2019","02"
"123","2019-03-01",60.96259,30,"디지털_가전","여자","mobile","2019","03"
"124","2019-04-01",46.674,30,"디지털_가전","여자","mobile","2019","04"
"125","2019-05-01",53.08284,30,"디지털_가전","여자","mobile","2019","05"
"126","2019-06-01",52.61386,30,"디지털_가전","여자","mobile","2019","06"
"127","2019-07-01",58.92897,30,"디지털_가전","여자","mobile","2019","07"
"128","2019-08-01",58.77421,30,"디지털_가전","여자","mobile","2019","08"
"129","2019-09-01",56.98216,30,"디지털_가전","여자","mobile","2019","09"
"130","2019-10-01",60.09301,30,"디지털_가전","여자","mobile","2019","10"
"131","2019-11-01",63.34989,30,"디지털_가전","여자","mobile","2019","11"
"132","2019-12-01",61.82883,30,"디지털_가전","여자","mobile","2019","12"
"133","2020-01-01",60.44876,30,"디지털_가전","여자","mobile","2020","01"
"134","2020-02-01",66.99878,30,"디지털_가전","여자","mobile","2020","02"
"135","2020-03-01",83.16837,30,"디지털_가전","여자","mobile","2020","03"
"136","2020-04-01",77.23691,30,"디지털_가전","여자","mobile","2020","04"
"137","2020-05-01",77.23559,30,"디지털_가전","여자","mobile","2020","05"
"138","2020-06-01",74.83433,30,"디지털_가전","여자","mobile","2020","06"
"139","2020-07-01",67.42151,30,"디지털_가전","여자","mobile","2020","07"
"140","2020-08-01",80.50384,30,"디지털_가전","여자","mobile","2020","08"
"141","2020-09-01",72.05641,30,"디지털_가전","여자","mobile","2020","09"
"142","2020-10-01",75.07953,30,"디지털_가전","여자","mobile","2020","10"
"143","2020-11-01",76.96207,30,"디지털_가전","여자","mobile","2020","11"
"144","2020-12-01",100,30,"디지털_가전","여자","mobile","2020","12"
"145","2017-01-01",14.76437,30,"디지털_가전","남자","pc","2017","01"
"146","2017-02-01",15.68175,30,"디지털_가전","남자","pc","2017","02"
"147","2017-03-01",21.5985,30,"디지털_가전","남자","pc","2017","03"
"148","2017-04-01",26.14207,30,"디지털_가전","남자","pc","2017","04"
"149","2017-05-01",33.07706,30,"디지털_가전","남자","pc","2017","05"
"150","2017-06-01",21.82272,30,"디지털_가전","남자","pc","2017","06"
"151","2017-07-01",39.90302,30,"디지털_가전","남자","pc","2017","07"
"152","2017-08-01",42.62072,30,"디지털_가전","남자","pc","2017","08"
"153","2017-09-01",70.55708,30,"디지털_가전","남자","pc","2017","09"
"154","2017-10-01",113.28431,30,"디지털_가전","남자","pc","2017","10"
"155","2017-11-01",156.69995,30,"디지털_가전","남자","pc","2017","11"
"156","2017-12-01",157.32682,30,"디지털_가전","남자","pc","2017","12"
"157","2018-01-01",43.75949,30,"디지털_가전","남자","pc","2018","01"
"158","2018-02-01",34.96226,30,"디지털_가전","남자","pc","2018","02"
"159","2018-03-01",41.48262,30,"디지털_가전","남자","pc","2018","03"
"160","2018-04-01",38.62659,30,"디지털_가전","남자","pc","2018","04"
"161","2018-05-01",39.06011,30,"디지털_가전","남자","pc","2018","05"
"162","2018-06-01",35.69436,30,"디지털_가전","남자","pc","2018","06"
"163","2018-07-01",42.1501,30,"디지털_가전","남자","pc","2018","07"
"164","2018-08-01",42.71866,30,"디지털_가전","남자","pc","2018","08"
"165","2018-09-01",55.70753,30,"디지털_가전","남자","pc","2018","09"
"166","2018-10-01",78.18359,30,"디지털_가전","남자","pc","2018","10"
"167","2018-11-01",100,30,"디지털_가전","남자","pc","2018","11"
"168","2018-12-01",99.37068,30,"디지털_가전","남자","pc","2018","12"
"169","2019-01-01",72.75461,30,"디지털_가전","남자","pc","2019","01"
"170","2019-02-01",54.24277,30,"디지털_가전","남자","pc","2019","02"
"171","2019-03-01",61.36674,30,"디지털_가전","남자","pc","2019","03"
"172","2019-04-01",51.11111,30,"디지털_가전","남자","pc","2019","04"
"173","2019-05-01",45.04316,30,"디지털_가전","남자","pc","2019","05"
"174","2019-06-01",49.566,30,"디지털_가전","남자","pc","2019","06"
"175","2019-07-01",44.39718,30,"디지털_가전","남자","pc","2019","07"
"176","2019-08-01",42.8166,30,"디지털_가전","남자","pc","2019","08"
"177","2019-09-01",40.85798,30,"디지털_가전","남자","pc","2019","09"
"178","2019-10-01",43.08287,30,"디지털_가전","남자","pc","2019","10"
"179","2019-11-01",43.30005,30,"디지털_가전","남자","pc","2019","11"
"180","2019-12-01",41.41454,30,"디지털_가전","남자","pc","2019","12"
"181","2020-01-01",40.38636,30,"디지털_가전","남자","pc","2020","01"
"182","2020-02-01",40.60534,30,"디지털_가전","남자","pc","2020","02"
"183","2020-03-01",48.04346,30,"디지털_가전","남자","pc","2020","03"
"184","2020-04-01",47.0935,30,"디지털_가전","남자","pc","2020","04"
"185","2020-05-01",44.61907,30,"디지털_가전","남자","pc","2020","05"
"186","2020-06-01",41.06298,30,"디지털_가전","남자","pc","2020","06"
"187","2020-07-01",38.75335,30,"디지털_가전","남자","pc","2020","07"
"188","2020-08-01",40.79117,30,"디지털_가전","남자","pc","2020","08"
"189","2020-09-01",43.01633,30,"디지털_가전","남자","pc","2020","09"
"190","2020-10-01",41.70901,30,"디지털_가전","남자","pc","2020","10"
"191","2020-11-01",43.2905,30,"디지털_가전","남자","pc","2020","11"
"192","2020-12-01",48.723,30,"디지털_가전","남자","pc","2020","12"
"193","2017-01-01",77.4128,30,"생활_건강","남자","mobile","2017","01"
"194","2017-02-01",71.43332,30,"생활_건강","남자","mobile","2017","02"
"195","2017-03-01",78.90339,30,"생활_건강","남자","mobile","2017","03"
"196","2017-04-01",86.26873,30,"생활_건강","남자","mobile","2017","04"
"197","2017-05-01",76.59103,30,"생활_건강","남자","mobile","2017","05"
"198","2017-06-01",61.3108,30,"생활_건강","남자","mobile","2017","06"
"199","2017-07-01",66.11075,30,"생활_건강","남자","mobile","2017","07"
"200","2017-08-01",67.91169,30,"생활_건강","남자","mobile","2017","08"
"201","2017-09-01",56.1767,30,"생활_건강","남자","mobile","2017","09"
"202","2017-10-01",59.62286,30,"생활_건강","남자","mobile","2017","10"
"203","2017-11-01",58.90469,30,"생활_건강","남자","mobile","2017","11"
"204","2017-12-01",61.78308,30,"생활_건강","남자","mobile","2017","12"
"205","2018-01-01",70.39744,30,"생활_건강","남자","mobile","2018","01"
"206","2018-02-01",64.89804,30,"생활_건강","남자","mobile","2018","02"
"207","2018-03-01",76.16613,30,"생활_건강","남자","mobile","2018","03"
"208","2018-04-01",72.62796,30,"생활_건강","남자","mobile","2018","04"
"209","2018-05-01",72.98307,30,"생활_건강","남자","mobile","2018","05"
"210","2018-06-01",67.62805,30,"생활_건강","남자","mobile","2018","06"
"211","2018-07-01",71.18394,30,"생활_건강","남자","mobile","2018","07"
"212","2018-08-01",72.48405,30,"생활_건강","남자","mobile","2018","08"
"213","2018-09-01",65.46836,30,"생활_건강","남자","mobile","2018","09"
"214","2018-10-01",68.5769,30,"생활_건강","남자","mobile","2018","10"
"215","2018-11-01",67.26241,30,"생활_건강","남자","mobile","2018","11"
"216","2018-12-01",68.9152,30,"생활_건강","남자","mobile","2018","12"
"217","2019-01-01",63.38208,30,"생활_건강","남자","mobile","2019","01"
"218","2019-02-01",58.36276,30,"생활_건강","남자","mobile","2019","02"
"219","2019-03-01",73.42887,30,"생활_건강","남자","mobile","2019","03"
"220","2019-04-01",58.98719,30,"생활_건강","남자","mobile","2019","04"
"221","2019-05-01",69.37511,30,"생활_건강","남자","mobile","2019","05"
"222","2019-06-01",73.9453,30,"생활_건강","남자","mobile","2019","06"
"223","2019-07-01",76.25713,30,"생활_건강","남자","mobile","2019","07"
"224","2019-08-01",77.05641,30,"생활_건강","남자","mobile","2019","08"
"225","2019-09-01",74.76002,30,"생활_건강","남자","mobile","2019","09"
"226","2019-10-01",77.53094,30,"생활_건강","남자","mobile","2019","10"
"227","2019-11-01",75.62013,30,"생활_건강","남자","mobile","2019","11"
"228","2019-12-01",76.04732,30,"생활_건강","남자","mobile","2019","12"
"229","2020-01-01",70.87812,30,"생활_건강","남자","mobile","2020","01"
"230","2020-02-01",70.87612,30,"생활_건강","남자","mobile","2020","02"
"231","2020-03-01",87.50107,30,"생활_건강","남자","mobile","2020","03"
"232","2020-04-01",93.96455,30,"생활_건강","남자","mobile","2020","04"
"233","2020-05-01",99.49395,30,"생활_건강","남자","mobile","2020","05"
"234","2020-06-01",93.71192,30,"생활_건강","남자","mobile","2020","06"
"235","2020-07-01",89.79081,30,"생활_건강","남자","mobile","2020","07"
"236","2020-08-01",85.0962,30,"생활_건강","남자","mobile","2020","08"
"237","2020-09-01",89.58881,30,"생활_건강","남자","mobile","2020","09"
"238","2020-10-01",94.75586,30,"생활_건강","남자","mobile","2020","10"
"239","2020-11-01",90.25748,30,"생활_건강","남자","mobile","2020","11"
"240","2020-12-01",99.24932,30,"생활_건강","남자","mobile","2020","12"
"241","2017-01-01",66.39456,30,"생활_건강","남자","pc","2017","01"
"242","2017-02-01",56.48876,30,"생활_건강","남자","pc","2017","02"
"243","2017-03-01",62.66991,30,"생활_건강","남자","pc","2017","03"
"244","2017-04-01",69.97835,30,"생활_건강","남자","pc","2017","04"
"245","2017-05-01",49.00925,30,"생활_건강","남자","pc","2017","05"
"246","2017-06-01",51.689,30,"생활_건강","남자","pc","2017","06"
"247","2017-07-01",24.35722,30,"생활_건강","남자","pc","2017","07"
"248","2017-08-01",30.26315,30,"생활_건강","남자","pc","2017","08"
"249","2017-09-01",1.84546,30,"생활_건강","남자","pc","2017","09"
"250","2017-10-01",24.7864,30,"생활_건강","남자","pc","2017","10"
"251","2017-11-01",29.89157,30,"생활_건강","남자","pc","2017","11"
"252","2017-12-01",25.28436,30,"생활_건강","남자","pc","2017","12"
"253","2018-01-01",60.30064,30,"생활_건강","남자","pc","2018","01"
"254","2018-02-01",51.053,30,"생활_건강","남자","pc","2018","02"
"255","2018-03-01",63.30184,30,"생활_건강","남자","pc","2018","03"
"256","2018-04-01",62.4765,30,"생활_건강","남자","pc","2018","04"
"257","2018-05-01",60.89429,30,"생활_건강","남자","pc","2018","05"
"258","2018-06-01",55.20537,30,"생활_건강","남자","pc","2018","06"
"259","2018-07-01",59.03834,30,"생활_건강","남자","pc","2018","07"
"260","2018-08-01",61.66378,30,"생활_건강","남자","pc","2018","08"
"261","2018-09-01",50.92273,30,"생활_건강","남자","pc","2018","09"
"262","2018-10-01",60.76684,30,"생활_건강","남자","pc","2018","10"
"263","2018-11-01",58.80344,30,"생활_건강","남자","pc","2018","11"
"264","2018-12-01",54.43171,30,"생활_건강","남자","pc","2018","12"
"265","2019-01-01",54.20672,30,"생활_건강","남자","pc","2019","01"
"266","2019-02-01",45.61724,30,"생활_건강","남자","pc","2019","02"
"267","2019-03-01",63.93377,30,"생활_건강","남자","pc","2019","03"
"268","2019-04-01",54.97465,30,"생활_건강","남자","pc","2019","04"
"269","2019-05-01",72.77933,30,"생활_건강","남자","pc","2019","05"
"270","2019-06-01",58.72174,30,"생활_건강","남자","pc","2019","06"
"271","2019-07-01",93.71946,30,"생활_건강","남자","pc","2019","07"
"272","2019-08-01",93.06441,30,"생활_건강","남자","pc","2019","08"
"273","2019-09-01",100,30,"생활_건강","남자","pc","2019","09"
"274","2019-10-01",96.74728,30,"생활_건강","남자","pc","2019","10"
"275","2019-11-01",87.71531,30,"생활_건강","남자","pc","2019","11"
"276","2019-12-01",83.57906,30,"생활_건강","남자","pc","2019","12"
"277","2020-01-01",82.78451,30,"생활_건강","남자","pc","2020","01"
"278","2020-02-01",63.23578,30,"생활_건강","남자","pc","2020","02"
"279","2020-03-01",73.47547,30,"생활_건강","남자","pc","2020","03"
"280","2020-04-01",79.48594,30,"생활_건강","남자","pc","2020","04"
"281","2020-05-01",77.19021,30,"생활_건강","남자","pc","2020","05"
"282","2020-06-01",68.54836,30,"생활_건강","남자","pc","2020","06"
"283","2020-07-01",68.29899,30,"생활_건강","남자","pc","2020","07"
"284","2020-08-01",58.62867,30,"생활_건강","남자","pc","2020","08"
"285","2020-09-01",63.59755,30,"생활_건강","남자","pc","2020","09"
"286","2020-10-01",65.74864,30,"생활_건강","남자","pc","2020","10"
"287","2020-11-01",69.08762,30,"생활_건강","남자","pc","2020","11"
"288","2020-12-01",73.682,30,"생활_건강","남자","pc","2020","12"
"289","2017-01-01",43.19735,30,"스포츠_레져","남자","mobile","2017","01"
"290","2017-02-01",36.69625,30,"스포츠_레져","남자","mobile","2017","02"
"291","2017-03-01",47.89065,30,"스포츠_레져","남자","mobile","2017","03"
"292","2017-04-01",48.71532,30,"스포츠_레져","남자","mobile","2017","04"
"293","2017-05-01",53.7986,30,"스포츠_레져","남자","mobile","2017","05"
"294","2017-06-01",52.71716,30,"스포츠_레져","남자","mobile","2017","06"
"295","2017-07-01",53.22383,30,"스포츠_레져","남자","mobile","2017","07"
"296","2017-08-01",44.97978,30,"스포츠_레져","남자","mobile","2017","08"
"297","2017-09-01",41.75465,30,"스포츠_레져","남자","mobile","2017","09"
"298","2017-10-01",58.43349,30,"스포츠_레져","남자","mobile","2017","10"
"299","2017-11-01",45.63169,30,"스포츠_레져","남자","mobile","2017","11"
"300","2017-12-01",50.05656,30,"스포츠_레져","남자","mobile","2017","12"
"301","2018-01-01",39.19095,30,"스포츠_레져","남자","mobile","2018","01"
"302","2018-02-01",32.85514,30,"스포츠_레져","남자","mobile","2018","02"
"303","2018-03-01",42.56901,30,"스포츠_레져","남자","mobile","2018","03"
"304","2018-04-01",43.61464,30,"스포츠_레져","남자","mobile","2018","04"
"305","2018-05-01",50.67027,30,"스포츠_레져","남자","mobile","2018","05"
"306","2018-06-01",51.94751,30,"스포츠_레져","남자","mobile","2018","06"
"307","2018-07-01",55.6805,30,"스포츠_레져","남자","mobile","2018","07"
"308","2018-08-01",50.55489,30,"스포츠_레져","남자","mobile","2018","08"
"309","2018-09-01",48.88954,30,"스포츠_레져","남자","mobile","2018","09"
"310","2018-10-01",59.70307,30,"스포츠_레져","남자","mobile","2018","10"
"311","2018-11-01",51.73431,30,"스포츠_레져","남자","mobile","2018","11"
"312","2018-12-01",49.05833,30,"스포츠_레져","남자","mobile","2018","12"
"313","2019-01-01",35.18455,30,"스포츠_레져","남자","mobile","2019","01"
"314","2019-02-01",29.01403,30,"스포츠_레져","남자","mobile","2019","02"
"315","2019-03-01",37.24737,30,"스포츠_레져","남자","mobile","2019","03"
"316","2019-04-01",38.51396,30,"스포츠_레져","남자","mobile","2019","04"
"317","2019-05-01",47.54194,30,"스포츠_레져","남자","mobile","2019","05"
"318","2019-06-01",51.17786,30,"스포츠_레져","남자","mobile","2019","06"
"319","2019-07-01",58.13717,30,"스포츠_레져","남자","mobile","2019","07"
"320","2019-08-01",56.13,30,"스포츠_레져","남자","mobile","2019","08"
"321","2019-09-01",56.02443,30,"스포츠_레져","남자","mobile","2019","09"
"322","2019-10-01",60.97265,30,"스포츠_레져","남자","mobile","2019","10"
"323","2019-11-01",57.83693,30,"스포츠_레져","남자","mobile","2019","11"
"324","2019-12-01",48.0601,30,"스포츠_레져","남자","mobile","2019","12"
"325","2020-01-01",37.07812,30,"스포츠_레져","남자","mobile","2020","01"
"326","2020-02-01",37.38103,30,"스포츠_레져","남자","mobile","2020","02"
"327","2020-03-01",53.34556,30,"스포츠_레져","남자","mobile","2020","03"
"328","2020-04-01",70.06262,30,"스포츠_레져","남자","mobile","2020","04"
"329","2020-05-01",81.47893,30,"스포츠_레져","남자","mobile","2020","05"
"330","2020-06-01",76.70494,30,"스포츠_레져","남자","mobile","2020","06"
"331","2020-07-01",73.31471,30,"스포츠_레져","남자","mobile","2020","07"
"332","2020-08-01",61.48575,30,"스포츠_레져","남자","mobile","2020","08"
"333","2020-09-01",68.91864,30,"스포츠_레져","남자","mobile","2020","09"
"334","2020-10-01",80.63845,30,"스포츠_레져","남자","mobile","2020","10"
"335","2020-11-01",65.03529,30,"스포츠_레져","남자","mobile","2020","11"
"336","2020-12-01",60.19296,30,"스포츠_레져","남자","mobile","2020","12"
"337","2017-01-01",43.86103,30,"스포츠_레져","남자","pc","2017","01"
"338","2017-02-01",34.31152,30,"스포츠_레져","남자","pc","2017","02"
"339","2017-03-01",51.91069,30,"스포츠_레져","남자","pc","2017","03"
"340","2017-04-01",55.26364,30,"스포츠_레져","남자","pc","2017","04"
"341","2017-05-01",59.80722,30,"스포츠_레져","남자","pc","2017","05"
"342","2017-06-01",58.44179,30,"스포츠_레져","남자","pc","2017","06"
"343","2017-07-01",65.63057,30,"스포츠_레져","남자","pc","2017","07"
"344","2017-08-01",62.23651,30,"스포츠_레져","남자","pc","2017","08"
"345","2017-09-01",49.6062,30,"스포츠_레져","남자","pc","2017","09"
"346","2017-10-01",75.48521,30,"스포츠_레져","남자","pc","2017","10"
"347","2017-11-01",55.61826,30,"스포츠_레져","남자","pc","2017","11"
"348","2017-12-01",53.54539,30,"스포츠_레져","남자","pc","2017","12"
"349","2018-01-01",45.08096,30,"스포츠_레져","남자","pc","2018","01"
"350","2018-02-01",35.56141,30,"스포츠_레져","남자","pc","2018","02"
"351","2018-03-01",50.9298,30,"스포츠_레져","남자","pc","2018","03"
"352","2018-04-01",54.69094,30,"스포츠_레져","남자","pc","2018","04"
"353","2018-05-01",61.24564,30,"스포츠_레져","남자","pc","2018","05"
"354","2018-06-01",60.50385,30,"스포츠_레져","남자","pc","2018","06"
"355","2018-07-01",68.19608,30,"스포츠_레져","남자","pc","2018","07"
"356","2018-08-01",62.60915,30,"스포츠_레져","남자","pc","2018","08"
"357","2018-09-01",54.96839,30,"스포츠_레져","남자","pc","2018","09"
"358","2018-10-01",71.50419,30,"스포츠_레져","남자","pc","2018","10"
"359","2018-11-01",58.74096,30,"스포츠_레져","남자","pc","2018","11"
"360","2018-12-01",51.86348,30,"스포츠_레져","남자","pc","2018","12"
"361","2019-01-01",46.30089,30,"스포츠_레져","남자","pc","2019","01"
"362","2019-02-01",36.8113,30,"스포츠_레져","남자","pc","2019","02"
"363","2019-03-01",49.94891,30,"스포츠_레져","남자","pc","2019","03"
"364","2019-04-01",54.11824,30,"스포츠_레져","남자","pc","2019","04"
"365","2019-05-01",62.68406,30,"스포츠_레져","남자","pc","2019","05"
"366","2019-06-01",62.56591,30,"스포츠_레져","남자","pc","2019","06"
"367","2019-07-01",70.76159,30,"스포츠_레져","남자","pc","2019","07"
"368","2019-08-01",62.98179,30,"스포츠_레져","남자","pc","2019","08"
"369","2019-09-01",60.33058,30,"스포츠_레져","남자","pc","2019","09"
"370","2019-10-01",67.52317,30,"스포츠_레져","남자","pc","2019","10"
"371","2019-11-01",61.86366,30,"스포츠_레져","남자","pc","2019","11"
"372","2019-12-01",50.18157,30,"스포츠_레져","남자","pc","2019","12"
"373","2020-01-01",39.85364,30,"스포츠_레져","남자","pc","2020","01"
"374","2020-02-01",42.54908,30,"스포츠_레져","남자","pc","2020","02"
"375","2020-03-01",59.43147,30,"스포츠_레져","남자","pc","2020","03"
"376","2020-04-01",83.70883,30,"스포츠_레져","남자","pc","2020","04"
"377","2020-05-01",96.90522,30,"스포츠_레져","남자","pc","2020","05"
"378","2020-06-01",88.62847,30,"스포츠_레져","남자","pc","2020","06"
"379","2020-07-01",81.99755,30,"스포츠_레져","남자","pc","2020","07"
"380","2020-08-01",66.15067,30,"스포츠_레져","남자","pc","2020","08"
"381","2020-09-01",76.48476,30,"스포츠_레져","남자","pc","2020","09"
"382","2020-10-01",82.37668,30,"스포츠_레져","남자","pc","2020","10"
"383","2020-11-01",73.00941,30,"스포츠_레져","남자","pc","2020","11"
"384","2020-12-01",67.88692,30,"스포츠_레져","남자","pc","2020","12"
"385","2017-01-01",43.61543,30,"식품","여자","mobile","2017","01"
"386","2017-02-01",47.11739,30,"식품","여자","mobile","2017","02"
"387","2017-03-01",38.04257,30,"식품","여자","mobile","2017","03"
"388","2017-04-01",42.76489,30,"식품","여자","mobile","2017","04"
"389","2017-05-01",40.18901,30,"식품","여자","mobile","2017","05"
"390","2017-06-01",33.08207,30,"식품","여자","mobile","2017","06"
"391","2017-07-01",32.8712,30,"식품","여자","mobile","2017","07"
"392","2017-08-01",35.5134,30,"식품","여자","mobile","2017","08"
"393","2017-09-01",37.10247,30,"식품","여자","mobile","2017","09"
"394","2017-10-01",32.44387,30,"식품","여자","mobile","2017","10"
"395","2017-11-01",32.89766,30,"식품","여자","mobile","2017","11"
"396","2017-12-01",33.07075,30,"식품","여자","mobile","2017","12"
"397","2018-01-01",50.54563,30,"식품","여자","mobile","2018","01"
"398","2018-02-01",45.60178,30,"식품","여자","mobile","2018","02"
"399","2018-03-01",43.12643,30,"식품","여자","mobile","2018","03"
"400","2018-04-01",43.33988,30,"식품","여자","mobile","2018","04"
"401","2018-05-01",44.20347,30,"식품","여자","mobile","2018","05"
"402","2018-06-01",42.76436,30,"식품","여자","mobile","2018","06"
"403","2018-07-01",43.06677,30,"식품","여자","mobile","2018","07"
"404","2018-08-01",46.0695,30,"식품","여자","mobile","2018","08"
"405","2018-09-01",48.28674,30,"식품","여자","mobile","2018","09"
"406","2018-10-01",45.68056,30,"식품","여자","mobile","2018","10"
"407","2018-11-01",45.01512,30,"식품","여자","mobile","2018","11"
"408","2018-12-01",46.40242,30,"식품","여자","mobile","2018","12"
"409","2019-01-01",57.47583,30,"식품","여자","mobile","2019","01"
"410","2019-02-01",44.08617,30,"식품","여자","mobile","2019","02"
"411","2019-03-01",48.21029,30,"식품","여자","mobile","2019","03"
"412","2019-04-01",43.91487,30,"식품","여자","mobile","2019","04"
"413","2019-05-01",48.21793,30,"식품","여자","mobile","2019","05"
"414","2019-06-01",52.44665,30,"식품","여자","mobile","2019","06"
"415","2019-07-01",53.26234,30,"식품","여자","mobile","2019","07"
"416","2019-08-01",56.6256,30,"식품","여자","mobile","2019","08"
"417","2019-09-01",59.47101,30,"식품","여자","mobile","2019","09"
"418","2019-10-01",58.91725,30,"식품","여자","mobile","2019","10"
"419","2019-11-01",57.13258,30,"식품","여자","mobile","2019","11"
"420","2019-12-01",59.73409,30,"식품","여자","mobile","2019","12"
"421","2020-01-01",66.89153,30,"식품","여자","mobile","2020","01"
"422","2020-02-01",75.48415,30,"식품","여자","mobile","2020","02"
"423","2020-03-01",93.62268,30,"식품","여자","mobile","2020","03"
"424","2020-04-01",81.55897,30,"식품","여자","mobile","2020","04"
"425","2020-05-01",69.91461,30,"식품","여자","mobile","2020","05"
"426","2020-06-01",67.46482,30,"식품","여자","mobile","2020","06"
"427","2020-07-01",67.63017,30,"식품","여자","mobile","2020","07"
"428","2020-08-01",72.61307,30,"식품","여자","mobile","2020","08"
"429","2020-09-01",88.92347,30,"식품","여자","mobile","2020","09"
"430","2020-10-01",72.08671,30,"식품","여자","mobile","2020","10"
"431","2020-11-01",73.95062,30,"식품","여자","mobile","2020","11"
"432","2020-12-01",100,30,"식품","여자","mobile","2020","12"
"433","2017-01-01",40.46649,30,"식품","남자","pc","2017","01"
"434","2017-02-01",45.199,30,"식품","남자","pc","2017","02"
"435","2017-03-01",33.3417,30,"식품","남자","pc","2017","03"
"436","2017-04-01",22.3438,30,"식품","남자","pc","2017","04"
"437","2017-05-01",39.70011,30,"식품","남자","pc","2017","05"
"438","2017-06-01",32.97558,30,"식품","남자","pc","2017","06"
"439","2017-07-01",38.83165,30,"식품","남자","pc","2017","07"
"440","2017-08-01",45.08881,30,"식품","남자","pc","2017","08"
"441","2017-09-01",48.90653,30,"식품","남자","pc","2017","09"
"442","2017-10-01",46.44176,30,"식품","남자","pc","2017","10"
"443","2017-11-01",44.05682,30,"식품","남자","pc","2017","11"
"444","2017-12-01",40.2954,30,"식품","남자","pc","2017","12"
"445","2018-01-01",57.0009,30,"식품","남자","pc","2018","01"
"446","2018-02-01",49.80732,30,"식품","남자","pc","2018","02"
"447","2018-03-01",52.00438,30,"식품","남자","pc","2018","03"
"448","2018-04-01",51.04418,30,"식품","남자","pc","2018","04"
"449","2018-05-01",52.17086,30,"식품","남자","pc","2018","05"
"450","2018-06-01",48.50066,30,"식품","남자","pc","2018","06"
"451","2018-07-01",54.34252,30,"식품","남자","pc","2018","07"
"452","2018-08-01",56.94411,30,"식품","남자","pc","2018","08"
"453","2018-09-01",57.59257,30,"식품","남자","pc","2018","09"
"454","2018-10-01",57.57433,30,"식품","남자","pc","2018","10"
"455","2018-11-01",55.74522,30,"식품","남자","pc","2018","11"
"456","2018-12-01",53.30358,30,"식품","남자","pc","2018","12"
"457","2019-01-01",73.53531,30,"식품","남자","pc","2019","01"
"458","2019-02-01",54.41564,30,"식품","남자","pc","2019","02"
"459","2019-03-01",70.66706,30,"식품","남자","pc","2019","03"
"460","2019-04-01",79.74456,30,"식품","남자","pc","2019","04"
"461","2019-05-01",64.64161,30,"식품","남자","pc","2019","05"
"462","2019-06-01",64.02574,30,"식품","남자","pc","2019","06"
"463","2019-07-01",69.85339,30,"식품","남자","pc","2019","07"
"464","2019-08-01",68.79941,30,"식품","남자","pc","2019","08"
"465","2019-09-01",66.27861,30,"식품","남자","pc","2019","09"
"466","2019-10-01",68.7069,30,"식품","남자","pc","2019","10"
"467","2019-11-01",67.43362,30,"식품","남자","pc","2019","11"
"468","2019-12-01",66.31176,30,"식품","남자","pc","2019","12"
"469","2020-01-01",72.15865,30,"식품","남자","pc","2020","01"
"470","2020-02-01",74.22559,30,"식품","남자","pc","2020","02"
"471","2020-03-01",89.39242,30,"식품","남자","pc","2020","03"
"472","2020-04-01",85.97802,30,"식품","남자","pc","2020","04"
"473","2020-05-01",82.34821,30,"식품","남자","pc","2020","05"
"474","2020-06-01",84.17461,30,"식품","남자","pc","2020","06"
"475","2020-07-01",82.01461,30,"식품","남자","pc","2020","07"
"476","2020-08-01",78.29953,30,"식품","남자","pc","2020","08"
"477","2020-09-01",95.44662,30,"식품","남자","pc","2020","09"
"478","2020-10-01",80.73678,30,"식품","남자","pc","2020","10"
"479","2020-11-01",87.04201,30,"식품","남자","pc","2020","11"
"480","2020-12-01",100,30,"식품","남자","pc","2020","12"
"481","2020-02-01",10.14756,30,"여가_생활편의","여자","mobile","2020","02"
"482","2020-03-01",31.73862,30,"여가_생활편의","여자","mobile","2020","03"
"483","2020-04-01",43.73115,30,"여가_생활편의","여자","mobile","2020","04"
"484","2020-05-01",47.30821,30,"여가_생활편의","여자","mobile","2020","05"
"485","2020-06-01",60.37308,30,"여가_생활편의","여자","mobile","2020","06"
"486","2020-07-01",100,30,"여가_생활편의","여자","mobile","2020","07"
"487","2020-08-01",85.85039,30,"여가_생활편의","여자","mobile","2020","08"
"488","2020-09-01",38.68464,30,"여가_생활편의","여자","mobile","2020","09"
"489","2020-10-01",60.86628,30,"여가_생활편의","여자","mobile","2020","10"
"490","2020-11-01",54.54475,30,"여가_생활편의","여자","mobile","2020","11"
"491","2020-12-01",28.14117,30,"여가_생활편의","여자","mobile","2020","12"
"492","2020-02-01",7.83313,30,"여가_생활편의","여자","pc","2020","02"
"493","2020-03-01",22.76325,30,"여가_생활편의","여자","pc","2020","03"
"494","2020-04-01",37.88008,30,"여가_생활편의","여자","pc","2020","04"
"495","2020-05-01",39.05366,30,"여가_생활편의","여자","pc","2020","05"
"496","2020-06-01",62.48052,30,"여가_생활편의","여자","pc","2020","06"
"497","2020-07-01",100,30,"여가_생활편의","여자","pc","2020","07"
"498","2020-08-01",60.35207,30,"여가_생활편의","여자","pc","2020","08"
"499","2020-09-01",29.15288,30,"여가_생활편의","여자","pc","2020","09"
"500","2020-10-01",41.36669,30,"여가_생활편의","여자","pc","2020","10"
"501","2020-11-01",44.59938,30,"여가_생활편의","여자","pc","2020","11"
"502","2020-12-01",21.30374,30,"여가_생활편의","여자","pc","2020","12"
"503","2017-01-01",65.13141,30,"출산_육아","여자","mobile","2017","01"
"504","2017-02-01",58.03388,30,"출산_육아","여자","mobile","2017","02"
"505","2017-03-01",62.95101,30,"출산_육아","여자","mobile","2017","03"
"506","2017-04-01",56.55905,30,"출산_육아","여자","mobile","2017","04"
"507","2017-05-01",52.82502,30,"출산_육아","여자","mobile","2017","05"
"508","2017-06-01",50.26084,30,"출산_육아","여자","mobile","2017","06"
"509","2017-07-01",47.43141,30,"출산_육아","여자","mobile","2017","07"
"510","2017-08-01",33.50528,30,"출산_육아","여자","mobile","2017","08"
"511","2017-09-01",23.49689,30,"출산_육아","여자","mobile","2017","09"
"512","2017-10-01",26.89741,30,"출산_육아","여자","mobile","2017","10"
"513","2017-11-01",20.40079,30,"출산_육아","여자","mobile","2017","11"
"514","2017-12-01",51.33405,30,"출산_육아","여자","mobile","2017","12"
"515","2018-01-01",58.33469,30,"출산_육아","여자","mobile","2018","01"
"516","2018-02-01",52.93625,30,"출산_육아","여자","mobile","2018","02"
"517","2018-03-01",64.59898,30,"출산_육아","여자","mobile","2018","03"
"518","2018-04-01",60.89583,30,"출산_육아","여자","mobile","2018","04"
"519","2018-05-01",60.31926,30,"출산_육아","여자","mobile","2018","05"
"520","2018-06-01",56.25433,30,"출산_육아","여자","mobile","2018","06"
"521","2018-07-01",56.70877,30,"출산_육아","여자","mobile","2018","07"
"522","2018-08-01",49.80912,30,"출산_육아","여자","mobile","2018","08"
"523","2018-09-01",49.99613,30,"출산_육아","여자","mobile","2018","09"
"524","2018-10-01",55.73716,30,"출산_육아","여자","mobile","2018","10"
"525","2018-11-01",55.84302,30,"출산_육아","여자","mobile","2018","11"
"526","2018-12-01",74.54275,30,"출산_육아","여자","mobile","2018","12"
"527","2019-01-01",51.53797,30,"출산_육아","여자","mobile","2019","01"
"528","2019-02-01",47.83862,30,"출산_육아","여자","mobile","2019","02"
"529","2019-03-01",66.24695,30,"출산_육아","여자","mobile","2019","03"
"530","2019-04-01",65.23261,30,"출산_육아","여자","mobile","2019","04"
"531","2019-05-01",67.8135,30,"출산_육아","여자","mobile","2019","05"
"532","2019-06-01",62.24782,30,"출산_육아","여자","mobile","2019","06"
"533","2019-07-01",65.98613,30,"출산_육아","여자","mobile","2019","07"
"534","2019-08-01",66.11296,30,"출산_육아","여자","mobile","2019","08"
"535","2019-09-01",76.49537,30,"출산_육아","여자","mobile","2019","09"
"536","2019-10-01",84.57691,30,"출산_육아","여자","mobile","2019","10"
"537","2019-11-01",91.28525,30,"출산_육아","여자","mobile","2019","11"
"538","2019-12-01",97.75145,30,"출산_육아","여자","mobile","2019","12"
"539","2020-01-01",69.37019,30,"출산_육아","여자","mobile","2020","01"
"540","2020-02-01",78.88086,30,"출산_육아","여자","mobile","2020","02"
"541","2020-03-01",88.45645,30,"출산_육아","여자","mobile","2020","03"
"542","2020-04-01",85.51082,30,"출산_육아","여자","mobile","2020","04"
"543","2020-05-01",89.3602,30,"출산_육아","여자","mobile","2020","05"
"544","2020-06-01",78.10787,30,"출산_육아","여자","mobile","2020","06"
"545","2020-07-01",67.36768,30,"출산_육아","여자","mobile","2020","07"
"546","2020-08-01",62.45922,30,"출산_육아","여자","mobile","2020","08"
"547","2020-09-01",74.87425,30,"출산_육아","여자","mobile","2020","09"
"548","2020-10-01",87.96158,30,"출산_육아","여자","mobile","2020","10"
"549","2020-11-01",84.52817,30,"출산_육아","여자","mobile","2020","11"
"550","2020-12-01",100,30,"출산_육아","여자","mobile","2020","12"
"551","2017-01-01",75.52837,30,"출산_육아","여자","pc","2017","01"
"552","2017-02-01",63.91817,30,"출산_육아","여자","pc","2017","02"
"553","2017-03-01",69.20029,30,"출산_육아","여자","pc","2017","03"
"554","2017-04-01",62.84234,30,"출산_육아","여자","pc","2017","04"
"555","2017-05-01",60.92343,30,"출산_육아","여자","pc","2017","05"
"556","2017-06-01",59.83675,30,"출산_육아","여자","pc","2017","06"
"557","2017-07-01",60.05907,30,"출산_육아","여자","pc","2017","07"
"558","2017-08-01",51.47736,30,"출산_육아","여자","pc","2017","08"
"559","2017-09-01",32.87654,30,"출산_육아","여자","pc","2017","09"
"560","2017-10-01",48.0597,30,"출산_육아","여자","pc","2017","10"
"561","2017-11-01",47.51114,30,"출산_육아","여자","pc","2017","11"
"562","2017-12-01",67.55714,30,"출산_육아","여자","pc","2017","12"
"563","2018-01-01",66.97556,30,"출산_육아","여자","pc","2018","01"
"564","2018-02-01",58.02742,30,"출산_육아","여자","pc","2018","02"
"565","2018-03-01",74.8921,30,"출산_육아","여자","pc","2018","03"
"566","2018-04-01",75.68663,30,"출산_육아","여자","pc","2018","04"
"567","2018-05-01",72.40576,30,"출산_육아","여자","pc","2018","05"
"568","2018-06-01",67.06688,30,"출산_육아","여자","pc","2018","06"
"569","2018-07-01",69.92838,30,"출산_육아","여자","pc","2018","07"
"570","2018-08-01",59.6243,30,"출산_육아","여자","pc","2018","08"
"571","2018-09-01",55.13174,30,"출산_육아","여자","pc","2018","09"
"572","2018-10-01",67.76457,30,"출산_육아","여자","pc","2018","10"
"573","2018-11-01",70.75725,30,"출산_육아","여자","pc","2018","11"
"574","2018-12-01",79.81375,30,"출산_육아","여자","pc","2018","12"
"575","2019-01-01",58.42275,30,"출산_육아","여자","pc","2019","01"
"576","2019-02-01",52.13667,30,"출산_육아","여자","pc","2019","02"
"577","2019-03-01",80.58391,30,"출산_육아","여자","pc","2019","03"
"578","2019-04-01",88.53092,30,"출산_육아","여자","pc","2019","04"
"579","2019-05-01",83.88809,30,"출산_육아","여자","pc","2019","05"
"580","2019-06-01",74.29701,30,"출산_육아","여자","pc","2019","06"
"581","2019-07-01",79.79769,30,"출산_육아","여자","pc","2019","07"
"582","2019-08-01",67.77124,30,"출산_육아","여자","pc","2019","08"
"583","2019-09-01",77.38694,30,"출산_육아","여자","pc","2019","09"
"584","2019-10-01",87.46944,30,"출산_육아","여자","pc","2019","10"
"585","2019-11-01",94.00336,30,"출산_육아","여자","pc","2019","11"
"586","2019-12-01",92.07036,30,"출산_육아","여자","pc","2019","12"
"587","2020-01-01",60.19395,30,"출산_육아","여자","pc","2020","01"
"588","2020-02-01",75.72904,30,"출산_육아","여자","pc","2020","02"
"589","2020-03-01",82.71783,30,"출산_육아","여자","pc","2020","03"
"590","2020-04-01",86.02958,30,"출산_육아","여자","pc","2020","04"
"591","2020-05-01",85.02969,30,"출산_육아","여자","pc","2020","05"
"592","2020-06-01",83.11324,30,"출산_육아","여자","pc","2020","06"
"593","2020-07-01",71.19762,30,"출산_육아","여자","pc","2020","07"
"594","2020-08-01",58.0219,30,"출산_육아","여자","pc","2020","08"
"595","2020-09-01",74.13661,30,"출산_육아","여자","pc","2020","09"
"596","2020-10-01",80.69136,30,"출산_육아","여자","pc","2020","10"
"597","2020-11-01",88.10784,30,"출산_육아","여자","pc","2020","11"
"598","2020-12-01",100,30,"출산_육아","여자","pc","2020","12"
"599","2017-01-01",78.78659,30,"패션잡화","여자","mobile","2017","01"
"600","2017-02-01",69.50145,30,"패션잡화","여자","mobile","2017","02"
"601","2017-03-01",90.9247,30,"패션잡화","여자","mobile","2017","03"
"602","2017-04-01",81.60701,30,"패션잡화","여자","mobile","2017","04"
"603","2017-05-01",76.92735,30,"패션잡화","여자","mobile","2017","05"
"604","2017-06-01",79.78041,30,"패션잡화","여자","mobile","2017","06"
"605","2017-07-01",65.971,30,"패션잡화","여자","mobile","2017","07"
"606","2017-08-01",54.59525,30,"패션잡화","여자","mobile","2017","08"
"607","2017-09-01",53.69283,30,"패션잡화","여자","mobile","2017","09"
"608","2017-10-01",61.62625,30,"패션잡화","여자","mobile","2017","10"
"609","2017-11-01",60.48994,30,"패션잡화","여자","mobile","2017","11"
"610","2017-12-01",77.07502,30,"패션잡화","여자","mobile","2017","12"
"611","2018-01-01",72.1694,30,"패션잡화","여자","mobile","2018","01"
"612","2018-02-01",65.26354,30,"패션잡화","여자","mobile","2018","02"
"613","2018-03-01",81.19487,30,"패션잡화","여자","mobile","2018","03"
"614","2018-04-01",74.38135,30,"패션잡화","여자","mobile","2018","04"
"615","2018-05-01",77.50411,30,"패션잡화","여자","mobile","2018","05"
"616","2018-06-01",79.50225,30,"패션잡화","여자","mobile","2018","06"
"617","2018-07-01",74.52999,30,"패션잡화","여자","mobile","2018","07"
"618","2018-08-01",66.63918,30,"패션잡화","여자","mobile","2018","08"
"619","2018-09-01",69.68226,30,"패션잡화","여자","mobile","2018","09"
"620","2018-10-01",74.1487,30,"패션잡화","여자","mobile","2018","10"
"621","2018-11-01",73.92992,30,"패션잡화","여자","mobile","2018","11"
"622","2018-12-01",82.11375,30,"패션잡화","여자","mobile","2018","12"
"623","2019-01-01",65.55221,30,"패션잡화","여자","mobile","2019","01"
"624","2019-02-01",61.02563,30,"패션잡화","여자","mobile","2019","02"
"625","2019-03-01",71.46504,30,"패션잡화","여자","mobile","2019","03"
"626","2019-04-01",67.15569,30,"패션잡화","여자","mobile","2019","04"
"627","2019-05-01",78.08087,30,"패션잡화","여자","mobile","2019","05"
"628","2019-06-01",79.22409,30,"패션잡화","여자","mobile","2019","06"
"629","2019-07-01",83.08898,30,"패션잡화","여자","mobile","2019","07"
"630","2019-08-01",78.68311,30,"패션잡화","여자","mobile","2019","08"
"631","2019-09-01",85.67169,30,"패션잡화","여자","mobile","2019","09"
"632","2019-10-01",86.67115,30,"패션잡화","여자","mobile","2019","10"
"633","2019-11-01",87.3699,30,"패션잡화","여자","mobile","2019","11"
"634","2019-12-01",87.15248,30,"패션잡화","여자","mobile","2019","12"
"635","2020-01-01",76.71465,30,"패션잡화","여자","mobile","2020","01"
"636","2020-02-01",76.86243,30,"패션잡화","여자","mobile","2020","02"
"637","2020-03-01",86.82142,30,"패션잡화","여자","mobile","2020","03"
"638","2020-04-01",87.98058,30,"패션잡화","여자","mobile","2020","04"
"639","2020-05-01",100,30,"패션잡화","여자","mobile","2020","05"
"640","2020-06-01",96.44934,30,"패션잡화","여자","mobile","2020","06"
"641","2020-07-01",85.39191,30,"패션잡화","여자","mobile","2020","07"
"642","2020-08-01",72.39471,30,"패션잡화","여자","mobile","2020","08"
"643","2020-09-01",69.92487,30,"패션잡화","여자","mobile","2020","09"
"644","2020-10-01",80.6103,30,"패션잡화","여자","mobile","2020","10"
"645","2020-11-01",85.43838,30,"패션잡화","여자","mobile","2020","11"
"646","2020-12-01",87.039,30,"패션잡화","여자","mobile","2020","12"
"647","2017-01-01",80.59452,30,"패션잡화","남자","pc","2017","01"
"648","2017-02-01",66.68573,30,"패션잡화","남자","pc","2017","02"
"649","2017-03-01",84.21183,30,"패션잡화","남자","pc","2017","03"
"650","2017-04-01",77.82801,30,"패션잡화","남자","pc","2017","04"
"651","2017-05-01",72.45704,30,"패션잡화","남자","pc","2017","05"
"652","2017-06-01",70.87019,30,"패션잡화","남자","pc","2017","06"
"653","2017-07-01",76.6368,30,"패션잡화","남자","pc","2017","07"
"654","2017-08-01",77.31258,30,"패션잡화","남자","pc","2017","08"
"655","2017-09-01",62.64946,30,"패션잡화","남자","pc","2017","09"
"656","2017-10-01",79.59668,30,"패션잡화","남자","pc","2017","10"
"657","2017-11-01",74.30914,30,"패션잡화","남자","pc","2017","11"
"658","2017-12-01",72.8018,30,"패션잡화","남자","pc","2017","12"
"659","2018-01-01",81.17325,30,"패션잡화","남자","pc","2018","01"
"660","2018-02-01",70.00165,30,"패션잡화","남자","pc","2018","02"
"661","2018-03-01",87.37856,30,"패션잡화","남자","pc","2018","03"
"662","2018-04-01",82.7979,30,"패션잡화","남자","pc","2018","04"
"663","2018-05-01",84.55549,30,"패션잡화","남자","pc","2018","05"
"664","2018-06-01",81.80617,30,"패션잡화","남자","pc","2018","06"
"665","2018-07-01",88.3184,30,"패션잡화","남자","pc","2018","07"
"666","2018-08-01",81.28028,30,"패션잡화","남자","pc","2018","08"
"667","2018-09-01",72.69247,30,"패션잡화","남자","pc","2018","09"
"668","2018-10-01",82.51585,30,"패션잡화","남자","pc","2018","10"
"669","2018-11-01",80.19932,30,"패션잡화","남자","pc","2018","11"
"670","2018-12-01",78.66802,30,"패션잡화","남자","pc","2018","12"
"671","2019-01-01",81.75198,30,"패션잡화","남자","pc","2019","01"
"672","2019-02-01",73.31757,30,"패션잡화","남자","pc","2019","02"
"673","2019-03-01",90.54529,30,"패션잡화","남자","pc","2019","03"
"674","2019-04-01",87.76779,30,"패션잡화","남자","pc","2019","04"
"675","2019-05-01",96.65394,30,"패션잡화","남자","pc","2019","05"
"676","2019-06-01",92.74215,30,"패션잡화","남자","pc","2019","06"
"677","2019-07-01",100,30,"패션잡화","남자","pc","2019","07"
"678","2019-08-01",85.24798,30,"패션잡화","남자","pc","2019","08"
"679","2019-09-01",82.73548,30,"패션잡화","남자","pc","2019","09"
"680","2019-10-01",85.43502,30,"패션잡화","남자","pc","2019","10"
"681","2019-11-01",86.0895,30,"패션잡화","남자","pc","2019","11"
"682","2019-12-01",84.53424,30,"패션잡화","남자","pc","2019","12"
"683","2020-01-01",77.30366,30,"패션잡화","남자","pc","2020","01"
"684","2020-02-01",79.78513,30,"패션잡화","남자","pc","2020","02"
"685","2020-03-01",88.69143,30,"패션잡화","남자","pc","2020","03"
"686","2020-04-01",90.45615,30,"패션잡화","남자","pc","2020","04"
"687","2020-05-01",99.86439,30,"패션잡화","남자","pc","2020","05"
"688","2020-06-01",92.78115,30,"패션잡화","남자","pc","2020","06"
"689","2020-07-01",85.31189,30,"패션잡화","남자","pc","2020","07"
"690","2020-08-01",74.32062,30,"패션잡화","남자","pc","2020","08"
"691","2020-09-01",68.97478,30,"패션잡화","남자","pc","2020","09"
"692","2020-10-01",72.34079,30,"패션잡화","남자","pc","2020","10"
"693","2020-11-01",81.815,30,"패션잡화","남자","pc","2020","11"
"694","2020-12-01",87.61649,30,"패션잡화","남자","pc","2020","12"
"695","2017-01-01",66.75102,30,"화장품_미용","여자","mobile","2017","01"
"696","2017-02-01",62.87298,30,"화장품_미용","여자","mobile","2017","02"
"697","2017-03-01",63.31568,30,"화장품_미용","여자","mobile","2017","03"
"698","2017-04-01",69.16411,30,"화장품_미용","여자","mobile","2017","04"
"699","2017-05-01",66.66952,30,"화장품_미용","여자","mobile","2017","05"
"700","2017-06-01",56.5657,30,"화장품_미용","여자","mobile","2017","06"
"701","2017-07-01",51.00508,30,"화장품_미용","여자","mobile","2017","07"
"702","2017-08-01",53.83229,30,"화장품_미용","여자","mobile","2017","08"
"703","2017-09-01",51.16132,30,"화장품_미용","여자","mobile","2017","09"
"704","2017-10-01",60.62093,30,"화장품_미용","여자","mobile","2017","10"
"705","2017-11-01",58.23165,30,"화장품_미용","여자","mobile","2017","11"
"706","2017-12-01",67.79801,30,"화장품_미용","여자","mobile","2017","12"
"707","2018-01-01",77.02938,30,"화장품_미용","여자","mobile","2018","01"
"708","2018-02-01",69.96472,30,"화장품_미용","여자","mobile","2018","02"
"709","2018-03-01",71.19118,30,"화장품_미용","여자","mobile","2018","03"
"710","2018-04-01",70.78871,30,"화장품_미용","여자","mobile","2018","04"
"711","2018-05-01",73.69954,30,"화장품_미용","여자","mobile","2018","05"
"712","2018-06-01",70.45107,30,"화장품_미용","여자","mobile","2018","06"
"713","2018-07-01",68.37102,30,"화장품_미용","여자","mobile","2018","07"
"714","2018-08-01",69.47757,30,"화장품_미용","여자","mobile","2018","08"
"715","2018-09-01",66.52079,30,"화장품_미용","여자","mobile","2018","09"
"716","2018-10-01",73.81178,30,"화장품_미용","여자","mobile","2018","10"
"717","2018-11-01",72.98461,30,"화장품_미용","여자","mobile","2018","11"
"718","2018-12-01",80.61016,30,"화장품_미용","여자","mobile","2018","12"
"719","2019-01-01",87.30774,30,"화장품_미용","여자","mobile","2019","01"
"720","2019-02-01",77.05646,30,"화장품_미용","여자","mobile","2019","02"
"721","2019-03-01",79.06668,30,"화장품_미용","여자","mobile","2019","03"
"722","2019-04-01",72.41331,30,"화장품_미용","여자","mobile","2019","04"
"723","2019-05-01",80.72956,30,"화장품_미용","여자","mobile","2019","05"
"724","2019-06-01",84.33644,30,"화장품_미용","여자","mobile","2019","06"
"725","2019-07-01",85.73696,30,"화장품_미용","여자","mobile","2019","07"
"726","2019-08-01",85.12285,30,"화장품_미용","여자","mobile","2019","08"
"727","2019-09-01",81.88026,30,"화장품_미용","여자","mobile","2019","09"
"728","2019-10-01",87.00263,30,"화장품_미용","여자","mobile","2019","10"
"729","2019-11-01",87.73757,30,"화장품_미용","여자","mobile","2019","11"
"730","2019-12-01",93.42231,30,"화장품_미용","여자","mobile","2019","12"
"731","2020-01-01",100,30,"화장품_미용","여자","mobile","2020","01"
"732","2020-02-01",99.03165,30,"화장품_미용","여자","mobile","2020","02"
"733","2020-03-01",98.23223,30,"화장품_미용","여자","mobile","2020","03"
"734","2020-04-01",89.94978,30,"화장품_미용","여자","mobile","2020","04"
"735","2020-05-01",88.17296,30,"화장품_미용","여자","mobile","2020","05"
"736","2020-06-01",82.28527,30,"화장품_미용","여자","mobile","2020","06"
"737","2020-07-01",80.67386,30,"화장품_미용","여자","mobile","2020","07"
"738","2020-08-01",83.19197,30,"화장품_미용","여자","mobile","2020","08"
"739","2020-09-01",79.62042,30,"화장품_미용","여자","mobile","2020","09"
"740","2020-10-01",84.12855,30,"화장품_미용","여자","mobile","2020","10"
"741","2020-11-01",82.96552,30,"화장품_미용","여자","mobile","2020","11"
"742","2020-12-01",99.06905,30,"화장품_미용","여자","mobile","2020","12"
"743","2017-01-01",80.26791,30,"화장품_미용","여자","pc","2017","01"
"744","2017-02-01",68.2549,30,"화장품_미용","여자","pc","2017","02"
"745","2017-03-01",70.17499,30,"화장품_미용","여자","pc","2017","03"
"746","2017-04-01",72.55831,30,"화장품_미용","여자","pc","2017","04"
"747","2017-05-01",67.83763,30,"화장품_미용","여자","pc","2017","05"
"748","2017-06-01",57.9642,30,"화장품_미용","여자","pc","2017","06"
"749","2017-07-01",51.37576,30,"화장품_미용","여자","pc","2017","07"
"750","2017-08-01",66.12017,30,"화장품_미용","여자","pc","2017","08"
"751","2017-09-01",53.52153,30,"화장품_미용","여자","pc","2017","09"
"752","2017-10-01",80.3929,30,"화장품_미용","여자","pc","2017","10"
"753","2017-11-01",75.37905,30,"화장품_미용","여자","pc","2017","11"
"754","2017-12-01",68.72228,30,"화장품_미용","여자","pc","2017","12"
"755","2018-01-01",87.87182,30,"화장품_미용","여자","pc","2018","01"
"756","2018-02-01",73.26892,30,"화장품_미용","여자","pc","2018","02"
"757","2018-03-01",78.9283,30,"화장품_미용","여자","pc","2018","03"
"758","2018-04-01",79.43285,30,"화장품_미용","여자","pc","2018","04"
"759","2018-05-01",79.92122,30,"화장품_미용","여자","pc","2018","05"
"760","2018-06-01",73.63008,30,"화장품_미용","여자","pc","2018","06"
"761","2018-07-01",75.68788,30,"화장품_미용","여자","pc","2018","07"
"762","2018-08-01",78.332,30,"화장품_미용","여자","pc","2018","08"
"763","2018-09-01",68.58164,30,"화장품_미용","여자","pc","2018","09"
"764","2018-10-01",86.37418,30,"화장품_미용","여자","pc","2018","10"
"765","2018-11-01",84.09896,30,"화장품_미용","여자","pc","2018","11"
"766","2018-12-01",77.10565,30,"화장품_미용","여자","pc","2018","12"
"767","2019-01-01",95.47573,30,"화장품_미용","여자","pc","2019","01"
"768","2019-02-01",78.28294,30,"화장품_미용","여자","pc","2019","02"
"769","2019-03-01",87.68161,30,"화장품_미용","여자","pc","2019","03"
"770","2019-04-01",86.30739,30,"화장품_미용","여자","pc","2019","04"
"771","2019-05-01",92.00481,30,"화장품_미용","여자","pc","2019","05"
"772","2019-06-01",89.29596,30,"화장품_미용","여자","pc","2019","06"
"773","2019-07-01",100,30,"화장품_미용","여자","pc","2019","07"
"774","2019-08-01",90.54383,30,"화장품_미용","여자","pc","2019","08"
"775","2019-09-01",83.64175,30,"화장품_미용","여자","pc","2019","09"
"776","2019-10-01",92.35546,30,"화장품_미용","여자","pc","2019","10"
"777","2019-11-01",92.81887,30,"화장품_미용","여자","pc","2019","11"
"778","2019-12-01",85.48902,30,"화장품_미용","여자","pc","2019","12"
"779","2020-01-01",88.81637,30,"화장품_미용","여자","pc","2020","01"
"780","2020-02-01",95.78576,30,"화장품_미용","여자","pc","2020","02"
"781","2020-03-01",98.31592,30,"화장품_미용","여자","pc","2020","03"
"782","2020-04-01",93.36921,30,"화장품_미용","여자","pc","2020","04"
"783","2020-05-01",88.12264,30,"화장품_미용","여자","pc","2020","05"
"784","2020-06-01",89.69981,30,"화장품_미용","여자","pc","2020","06"
"785","2020-07-01",96.87026,30,"화장품_미용","여자","pc","2020","07"
"786","2020-08-01",83.48751,30,"화장품_미용","여자","pc","2020","08"
"787","2020-09-01",89.05307,30,"화장품_미용","여자","pc","2020","09"
"788","2020-10-01",81.71685,30,"화장품_미용","여자","pc","2020","10"
"789","2020-11-01",91.39508,30,"화장품_미용","여자","pc","2020","11"
"790","2020-12-01",93.86877,30,"화장품_미용","여자","pc","2020","12"
