"","period","선호_성별_검색추이","성별","카테고리명","검색기기","년도","월"
"1","2017-01-01",58.46869,"f","가구_인테리어","모바일","2017","1"
"2","2017-01-01",52.36797,"m","가구_인테리어","인터넷","2017","1"
"3","2017-01-01",52.96893,"f","디지털_가전","모바일","2017","1"
"4","2017-01-01",47.85197,"m","디지털_가전","인터넷","2017","1"
"5","2017-01-01",54.48265,"m","생활_건강","모바일","2017","1"
"6","2017-01-01",65.34934,"m","생활_건강","인터넷","2017","1"
"7","2017-01-01",38.1932,"m","스포츠_레져","모바일","2017","1"
"8","2017-01-01",41.14209,"m","스포츠_레져","인터넷","2017","1"
"9","2017-01-01",31.65749,"f","식품","모바일","2017","1"
"10","2017-01-01",34.75503,"m","식품","인터넷","2017","1"
"11","2017-01-01",53.44154,"f","출산_육아","모바일","2017","1"
"12","2017-01-01",62.01521,"f","출산_육아","인터넷","2017","1"
"13","2017-01-01",72.40807,"f","패션잡화","모바일","2017","1"
"14","2017-01-01",74.09306,"m","패션잡화","인터넷","2017","1"
"15","2017-01-01",63.05094,"f","화장품_미용","모바일","2017","1"
"16","2017-01-01",87.01374,"f","화장품_미용","인터넷","2017","1"
"17","2017-02-01",50.16908,"f","가구_인테리어","모바일","2017","2"
"18","2017-02-01",39.51219,"m","가구_인테리어","인터넷","2017","2"
"19","2017-02-01",47.72281,"f","디지털_가전","모바일","2017","2"
"20","2017-02-01",40.32925,"m","디지털_가전","인터넷","2017","2"
"21","2017-02-01",49.02885,"m","생활_건강","모바일","2017","2"
"22","2017-02-01",55.55708,"m","생활_건강","인터넷","2017","2"
"23","2017-02-01",31.44294,"m","스포츠_레져","모바일","2017","2"
"24","2017-02-01",30.40689,"m","스포츠_레져","인터넷","2017","2"
"25","2017-02-01",35.14947,"f","식품","모바일","2017","2"
"26","2017-02-01",39.61826,"m","식품","인터넷","2017","2"
"27","2017-02-01",46.82037,"f","출산_육아","모바일","2017","2"
"28","2017-02-01",50.4919,"f","출산_육아","인터넷","2017","2"
"29","2017-02-01",67.22985,"f","패션잡화","모바일","2017","2"
"30","2017-02-01",63.8909,"m","패션잡화","인터넷","2017","2"
"31","2017-02-01",59.93839,"f","화장품_미용","모바일","2017","2"
"32","2017-02-01",75.38106,"f","화장품_미용","인터넷","2017","2"
"33","2017-03-01",63.69874,"f","가구_인테리어","모바일","2017","3"
"34","2017-03-01",56.73294,"m","가구_인테리어","인터넷","2017","3"
"35","2017-03-01",49.89777,"f","디지털_가전","모바일","2017","3"
"36","2017-03-01",47.99228,"m","디지털_가전","인터넷","2017","3"
"37","2017-03-01",54.63,"m","생활_건강","모바일","2017","3"
"38","2017-03-01",60.39079,"m","생활_건강","인터넷","2017","3"
"39","2017-03-01",42.64269,"m","스포츠_레져","모바일","2017","3"
"40","2017-03-01",45.19386,"m","스포츠_레져","인터넷","2017","3"
"41","2017-03-01",28.25391,"f","식품","모바일","2017","3"
"42","2017-03-01",32.04384,"m","식품","인터넷","2017","3"
"43","2017-03-01",47.38105,"f","출산_육아","모바일","2017","3"
"44","2017-03-01",48.8347,"f","출산_육아","인터넷","2017","3"
"45","2017-03-01",79.96312,"f","패션잡화","모바일","2017","3"
"46","2017-03-01",75.89144,"m","패션잡화","인터넷","2017","3"
"47","2017-03-01",58.83525,"f","화장품_미용","모바일","2017","3"
"48","2017-03-01",77.24243,"f","화장품_미용","인터넷","2017","3"
"49","2017-04-01",55.49322,"f","가구_인테리어","모바일","2017","4"
"50","2017-04-01",56.96774,"m","가구_인테리어","인터넷","2017","4"
"51","2017-04-01",52.68851,"f","디지털_가전","모바일","2017","4"
"52","2017-04-01",51.21382,"m","디지털_가전","인터넷","2017","4"
"53","2017-04-01",61.56703,"m","생활_건강","모바일","2017","4"
"54","2017-04-01",69.40531,"m","생활_건강","인터넷","2017","4"
"55","2017-04-01",43.13305,"m","스포츠_레져","모바일","2017","4"
"56","2017-04-01",47.24566,"m","스포츠_레져","인터넷","2017","4"
"57","2017-04-01",32.5775,"f","식품","모바일","2017","4"
"58","2017-04-01",30.31059,"m","식품","인터넷","2017","4"
"59","2017-04-01",41.61616,"f","출산_육아","모바일","2017","4"
"60","2017-04-01",43.44721,"f","출산_육아","인터넷","2017","4"
"61","2017-04-01",69.08307,"f","패션잡화","모바일","2017","4"
"62","2017-04-01",69.39836,"m","패션잡화","인터넷","2017","4"
"63","2017-04-01",61.93054,"f","화장품_미용","모바일","2017","4"
"64","2017-04-01",79.15586,"f","화장품_미용","인터넷","2017","4"
"65","2017-05-01",51.17599,"f","가구_인테리어","모바일","2017","5"
"66","2017-05-01",55.35336,"m","가구_인테리어","인터넷","2017","5"
"67","2017-05-01",52.35636,"f","디지털_가전","모바일","2017","5"
"68","2017-05-01",54.69474,"m","디지털_가전","인터넷","2017","5"
"69","2017-05-01",54.09914,"m","생활_건강","모바일","2017","5"
"70","2017-05-01",56.26258,"m","생활_건강","인터넷","2017","5"
"71","2017-05-01",46.56379,"m","스포츠_레져","모바일","2017","5"
"72","2017-05-01",49.89833,"m","스포츠_레져","인터넷","2017","5"
"73","2017-05-01",30.67697,"f","식품","모바일","2017","5"
"74","2017-05-01",35.81466,"m","식품","인터넷","2017","5"
"75","2017-05-01",38.45695,"f","출산_육아","모바일","2017","5"
"76","2017-05-01",40.90131,"f","출산_육아","인터넷","2017","5"
"77","2017-05-01",64.32628,"f","패션잡화","모바일","2017","5"
"78","2017-05-01",65.61029,"m","패션잡화","인터넷","2017","5"
"79","2017-05-01",57.8249,"f","화장품_미용","모바일","2017","5"
"80","2017-05-01",73.65539,"f","화장품_미용","인터넷","2017","5"
"81","2017-06-01",45.5117,"f","가구_인테리어","모바일","2017","6"
"82","2017-06-01",45.71163,"m","가구_인테리어","인터넷","2017","6"
"83","2017-06-01",46.14489,"f","디지털_가전","모바일","2017","6"
"84","2017-06-01",42.44373,"m","디지털_가전","인터넷","2017","6"
"85","2017-06-01",41.53976,"m","생활_건강","모바일","2017","6"
"86","2017-06-01",50.33985,"m","생활_건강","인터넷","2017","6"
"87","2017-06-01",44.47551,"m","스포츠_레져","모바일","2017","6"
"88","2017-06-01",48.63197,"m","스포츠_레져","인터넷","2017","6"
"89","2017-06-01",24.7368,"f","식품","모바일","2017","6"
"90","2017-06-01",28.59917,"m","식품","인터넷","2017","6"
"91","2017-06-01",36.44823,"f","출산_육아","모바일","2017","6"
"92","2017-06-01",39.9502,"f","출산_육아","인터넷","2017","6"
"93","2017-06-01",65.75329,"f","패션잡화","모바일","2017","6"
"94","2017-06-01",66.48124,"m","패션잡화","인터넷","2017","6"
"95","2017-06-01",48.96941,"f","화장품_미용","모바일","2017","6"
"96","2017-06-01",61.67032,"f","화장품_미용","인터넷","2017","6"
"97","2017-07-01",40.08591,"f","가구_인테리어","모바일","2017","7"
"98","2017-07-01",51.09345,"m","가구_인테리어","인터넷","2017","7"
"99","2017-07-01",56.07576,"f","디지털_가전","모바일","2017","7"
"100","2017-07-01",59.84406,"m","디지털_가전","인터넷","2017","7"
"101","2017-07-01",43.8523,"m","생활_건강","모바일","2017","7"
"102","2017-07-01",37.65064,"m","생활_건강","인터넷","2017","7"
"103","2017-07-01",43.27714,"m","스포츠_레져","모바일","2017","7"
"104","2017-07-01",52.96924,"m","스포츠_레져","인터넷","2017","7"
"105","2017-07-01",24.22203,"f","식품","모바일","2017","7"
"106","2017-07-01",33.21501,"m","식품","인터넷","2017","7"
"107","2017-07-01",33.95641,"f","출산_육아","모바일","2017","7"
"108","2017-07-01",40.24918,"f","출산_육아","인터넷","2017","7"
"109","2017-07-01",54.30222,"f","패션잡화","모바일","2017","7"
"110","2017-07-01",72.49801,"m","패션잡화","인터넷","2017","7"
"111","2017-07-01",43.72541,"f","화장품_미용","모바일","2017","7"
"112","2017-07-01",56.73506,"f","화장품_미용","인터넷","2017","7"
"113","2017-08-01",38.71998,"f","가구_인테리어","모바일","2017","8"
"114","2017-08-01",60.12982,"m","가구_인테리어","인터넷","2017","8"
"115","2017-08-01",41.22332,"f","디지털_가전","모바일","2017","8"
"116","2017-08-01",63.73629,"m","디지털_가전","인터넷","2017","8"
"117","2017-08-01",45.85286,"m","생활_건강","모바일","2017","8"
"118","2017-08-01",47.52121,"m","생활_건강","인터넷","2017","8"
"119","2017-08-01",35.75228,"m","스포츠_레져","모바일","2017","8"
"120","2017-08-01",52.96777,"m","스포츠_레져","인터넷","2017","8"
"121","2017-08-01",27.03371,"f","식품","모바일","2017","8"
"122","2017-08-01",40.26499,"m","식품","인터넷","2017","8"
"123","2017-08-01",23.52339,"f","출산_육아","모바일","2017","8"
"124","2017-08-01",37.58233,"f","출산_육아","인터넷","2017","8"
"125","2017-08-01",47.27146,"f","패션잡화","모바일","2017","8"
"126","2017-08-01",77.43309,"m","패션잡화","인터넷","2017","8"
"127","2017-08-01",47.33293,"f","화장품_미용","모바일","2017","8"
"128","2017-08-01",74.73782,"f","화장품_미용","인터넷","2017","8"
"129","2017-09-01",37.21146,"f","가구_인테리어","모바일","2017","9"
"130","2017-09-01",48.70296,"m","가구_인테리어","인터넷","2017","9"
"131","2017-09-01",29.82305,"f","디지털_가전","모바일","2017","9"
"132","2017-09-01",71.04618,"m","디지털_가전","인터넷","2017","9"
"133","2017-09-01",37.02103,"m","생활_건강","모바일","2017","9"
"134","2017-09-01",25.20869,"m","생활_건강","인터넷","2017","9"
"135","2017-09-01",33.81467,"m","스포츠_레져","모바일","2017","9"
"136","2017-09-01",43.0821,"m","스포츠_레져","인터넷","2017","9"
"137","2017-09-01",27.98048,"f","식품","모바일","2017","9"
"138","2017-09-01",43.8778,"m","식품","인터넷","2017","9"
"139","2017-09-01",12.92175,"f","출산_육아","모바일","2017","9"
"140","2017-09-01",20.5495,"f","출산_육아","인터넷","2017","9"
"141","2017-09-01",44.91575,"f","패션잡화","모바일","2017","9"
"142","2017-09-01",65.25739,"m","패션잡화","인터넷","2017","9"
"143","2017-09-01",44.84926,"f","화장품_미용","모바일","2017","9"
"144","2017-09-01",62.88924,"f","화장품_미용","인터넷","2017","9"
"145","2017-10-01",49.22024,"f","가구_인테리어","모바일","2017","10"
"146","2017-10-01",77.87723,"m","가구_인테리어","인터넷","2017","10"
"147","2017-10-01",41.37548,"f","디지털_가전","모바일","2017","10"
"148","2017-10-01",106.24451,"m","디지털_가전","인터넷","2017","10"
"149","2017-10-01",38.14955,"m","생활_건강","모바일","2017","10"
"150","2017-10-01",42.76783,"m","생활_건강","인터넷","2017","10"
"151","2017-10-01",48.63392,"m","스포츠_레져","모바일","2017","10"
"152","2017-10-01",65.68472,"m","스포츠_레져","인터넷","2017","10"
"153","2017-10-01",24.26308,"f","식품","모바일","2017","10"
"154","2017-10-01",41.82878,"m","식품","인터넷","2017","10"
"155","2017-10-01",13.87194,"f","출산_육아","모바일","2017","10"
"156","2017-10-01",30.88532,"f","출산_육아","인터넷","2017","10"
"157","2017-10-01",50.21639,"f","패션잡화","모바일","2017","10"
"158","2017-10-01",77.66174,"m","패션잡화","인터넷","2017","10"
"159","2017-10-01",52.56306,"f","화장품_미용","모바일","2017","10"
"160","2017-10-01",88.19266,"f","화장품_미용","인터넷","2017","10"
"161","2017-11-01",42.78351,"f","가구_인테리어","모바일","2017","11"
"162","2017-11-01",64.28212,"m","가구_인테리어","인터넷","2017","11"
"163","2017-11-01",43.38578,"f","디지털_가전","모바일","2017","11"
"164","2017-11-01",131.76974,"m","디지털_가전","인터넷","2017","11"
"165","2017-11-01",37.69615,"m","생활_건강","모바일","2017","11"
"166","2017-11-01",44.08039,"m","생활_건강","인터넷","2017","11"
"167","2017-11-01",36.58357,"m","스포츠_레져","모바일","2017","11"
"168","2017-11-01",47.84331,"m","스포츠_레져","인터넷","2017","11"
"169","2017-11-01",24.10033,"f","식품","모바일","2017","11"
"170","2017-11-01",37.62443,"m","식품","인터넷","2017","11"
"171","2017-11-01",7.15123,"f","출산_육아","모바일","2017","11"
"172","2017-11-01",28.26796,"f","출산_육아","인터넷","2017","11"
"173","2017-11-01",46.67044,"f","패션잡화","모바일","2017","11"
"174","2017-11-01",71.03853,"m","패션잡화","인터넷","2017","11"
"175","2017-11-01",49.7394,"f","화장품_미용","모바일","2017","11"
"176","2017-11-01",82.52691,"f","화장품_미용","인터넷","2017","11"
"177","2017-12-01",51.28601,"f","가구_인테리어","모바일","2017","12"
"178","2017-12-01",62.43362,"m","가구_인테리어","인터넷","2017","12"
"179","2017-12-01",47.09022,"f","디지털_가전","모바일","2017","12"
"180","2017-12-01",131.73992,"m","디지털_가전","인터넷","2017","12"
"181","2017-12-01",40.14054,"m","생활_건강","모바일","2017","12"
"182","2017-12-01",40.91579,"m","생활_건강","인터넷","2017","12"
"183","2017-12-01",43.04266,"m","스포츠_레져","모바일","2017","12"
"184","2017-12-01",46.90577,"m","스포츠_레져","인터넷","2017","12"
"185","2017-12-01",24.32051,"f","식품","모바일","2017","12"
"186","2017-12-01",35.52371,"m","식품","인터넷","2017","12"
"187","2017-12-01",34.33342,"f","출산_육아","모바일","2017","12"
"188","2017-12-01",47.49969,"f","출산_육아","인터넷","2017","12"
"189","2017-12-01",63.35682,"f","패션잡화","모바일","2017","12"
"190","2017-12-01",73.68848,"m","패션잡화","인터넷","2017","12"
"191","2017-12-01",57.2991,"f","화장품_미용","모바일","2017","12"
"192","2017-12-01",75.46515,"f","화장품_미용","인터넷","2017","12"
"193","2018-01-01",58.45834,"f","가구_인테리어","모바일","2018","1"
"194","2018-01-01",64.55799,"m","가구_인테리어","인터넷","2018","1"
"195","2018-01-01",55.96724,"f","디지털_가전","모바일","2018","1"
"196","2018-01-01",67.66657,"m","디지털_가전","인터넷","2018","1"
"197","2018-01-01",53.70481,"m","생활_건강","모바일","2018","1"
"198","2018-01-01",64.38558,"m","생활_건강","인터넷","2018","1"
"199","2018-01-01",39.3253,"m","스포츠_레져","모바일","2018","1"
"200","2018-01-01",44.63748,"m","스포츠_레져","인터넷","2018","1"
"201","2018-01-01",42.38814,"f","식품","모바일","2018","1"
"202","2018-01-01",50.7708,"m","식품","인터넷","2018","1"
"203","2018-01-01",50.58235,"f","출산_육아","모바일","2018","1"
"204","2018-01-01",58.09959,"f","출산_육아","인터넷","2018","1"
"205","2018-01-01",69.2648,"f","패션잡화","모바일","2018","1"
"206","2018-01-01",75.85364,"m","패션잡화","인터넷","2018","1"
"207","2018-01-01",72.30074,"f","화장품_미용","모바일","2018","1"
"208","2018-01-01",90.08961,"f","화장품_미용","인터넷","2018","1"
"209","2018-02-01",51.796,"f","가구_인테리어","모바일","2018","2"
"210","2018-02-01",55.34662,"m","가구_인테리어","인터넷","2018","2"
"211","2018-02-01",50.78136,"f","디지털_가전","모바일","2018","2"
"212","2018-02-01",55.92168,"m","디지털_가전","인터넷","2018","2"
"213","2018-02-01",49.55014,"m","생활_건강","모바일","2018","2"
"214","2018-02-01",55.0616,"m","생활_건강","인터넷","2018","2"
"215","2018-02-01",33.30795,"m","스포츠_레져","모바일","2018","2"
"216","2018-02-01",35.1531,"m","스포츠_레져","인터넷","2018","2"
"217","2018-02-01",39.07484,"f","식품","모바일","2018","2"
"218","2018-02-01",44.3273,"m","식품","인터넷","2018","2"
"219","2018-02-01",46.11276,"f","출산_육아","모바일","2018","2"
"220","2018-02-01",49.99966,"f","출산_육아","인터넷","2018","2"
"221","2018-02-01",67.0783,"f","패션잡화","모바일","2018","2"
"222","2018-02-01",68.36559,"m","패션잡화","인터넷","2018","2"
"223","2018-02-01",67.25201,"f","화장품_미용","모바일","2018","2"
"224","2018-02-01",76.66463,"f","화장품_미용","인터넷","2018","2"
"225","2018-03-01",58.90514,"f","가구_인테리어","모바일","2018","3"
"226","2018-03-01",69.04825,"m","가구_인테리어","인터넷","2018","3"
"227","2018-03-01",55.42852,"f","디지털_가전","모바일","2018","3"
"228","2018-03-01",64.7791,"m","디지털_가전","인터넷","2018","3"
"229","2018-03-01",58.67376,"m","생활_건강","모바일","2018","3"
"230","2018-03-01",68.66887,"m","생활_건강","인터넷","2018","3"
"231","2018-03-01",43.48262,"m","스포츠_레져","모바일","2018","3"
"232","2018-03-01",49.64982,"m","스포츠_레져","인터넷","2018","3"
"233","2018-03-01",37.56205,"f","식품","모바일","2018","3"
"234","2018-03-01",47.28497,"m","식품","인터넷","2018","3"
"235","2018-03-01",55.15208,"f","출산_육아","모바일","2018","3"
"236","2018-03-01",63.2471,"f","출산_육아","인터넷","2018","3"
"237","2018-03-01",74.78053,"f","패션잡화","모바일","2018","3"
"238","2018-03-01",80.52754,"m","패션잡화","인터넷","2018","3"
"239","2018-03-01",66.50368,"f","화장품_미용","모바일","2018","3"
"240","2018-03-01",81.68247,"f","화장품_미용","인터넷","2018","3"
"241","2018-04-01",50.21364,"f","가구_인테리어","모바일","2018","4"
"242","2018-04-01",63.3463,"m","가구_인테리어","인터넷","2018","4"
"243","2018-04-01",50.14415,"f","디지털_가전","모바일","2018","4"
"244","2018-04-01",59.56609,"m","디지털_가전","인터넷","2018","4"
"245","2018-04-01",56.11054,"m","생활_건강","모바일","2018","4"
"246","2018-04-01",67.44102,"m","생활_건강","인터넷","2018","4"
"247","2018-04-01",44.46182,"m","스포츠_레져","모바일","2018","4"
"248","2018-04-01",52.80396,"m","스포츠_레져","인터넷","2018","4"
"249","2018-04-01",37.82265,"f","식품","모바일","2018","4"
"250","2018-04-01",46.35842,"m","식품","인터넷","2018","4"
"251","2018-04-01",51.81232,"f","출산_육아","모바일","2018","4"
"252","2018-04-01",63.73624,"f","출산_육아","인터넷","2018","4"
"253","2018-04-01",66.85543,"f","패션잡화","모바일","2018","4"
"254","2018-04-01",75.91957,"m","패션잡화","인터넷","2018","4"
"255","2018-04-01",64.77731,"f","화장품_미용","모바일","2018","4"
"256","2018-04-01",81.61854,"f","화장품_미용","인터넷","2018","4"
"257","2018-05-01",49.62684,"f","가구_인테리어","모바일","2018","5"
"258","2018-05-01",61.792,"m","가구_인테리어","인터넷","2018","5"
"259","2018-05-01",52.65908,"f","디지털_가전","모바일","2018","5"
"260","2018-05-01",60.21408,"m","디지털_가전","인터넷","2018","5"
"261","2018-05-01",56.93068,"m","생활_건강","모바일","2018","5"
"262","2018-05-01",66.41869,"m","생활_건강","인터넷","2018","5"
"263","2018-05-01",50.99068,"m","스포츠_레져","모바일","2018","5"
"264","2018-05-01",58.90796,"m","스포츠_레져","인터넷","2018","5"
"265","2018-05-01",38.62135,"f","식품","모바일","2018","5"
"266","2018-05-01",47.18844,"m","식품","인터넷","2018","5"
"267","2018-05-01",51.26017,"f","출산_육아","모바일","2018","5"
"268","2018-05-01",60.54232,"f","출산_육아","인터넷","2018","5"
"269","2018-05-01",69.5807,"f","패션잡화","모바일","2018","5"
"270","2018-05-01",78.64151,"m","패션잡화","인터넷","2018","5"
"271","2018-05-01",66.54626,"f","화장품_미용","모바일","2018","5"
"272","2018-05-01",82.13451,"f","화장품_미용","인터넷","2018","5"
"273","2018-06-01",48.5269,"f","가구_인테리어","모바일","2018","6"
"274","2018-06-01",56.7118,"m","가구_인테리어","인터넷","2018","6"
"275","2018-06-01",50.26724,"f","디지털_가전","모바일","2018","6"
"276","2018-06-01",55.56212,"m","디지털_가전","인터넷","2018","6"
"277","2018-06-01",52.9487,"m","생활_건강","모바일","2018","6"
"278","2018-06-01",60.5707,"m","생활_건강","인터넷","2018","6"
"279","2018-06-01",52.34492,"m","스포츠_레져","모바일","2018","6"
"280","2018-06-01",58.68518,"m","스포츠_레져","인터넷","2018","6"
"281","2018-06-01",37.82665,"f","식품","모바일","2018","6"
"282","2018-06-01",44.31263,"m","식품","인터넷","2018","6"
"283","2018-06-01",47.66476,"f","출산_육아","모바일","2018","6"
"284","2018-06-01",55.97424,"f","출산_육아","인터넷","2018","6"
"285","2018-06-01",71.77295,"f","패션잡화","모바일","2018","6"
"286","2018-06-01",77.62963,"m","패션잡화","인터넷","2018","6"
"287","2018-06-01",64.26908,"f","화장품_미용","모바일","2018","6"
"288","2018-06-01",75.73636,"f","화장품_미용","인터넷","2018","6"
"289","2018-07-01",47.85509,"f","가구_인테리어","모바일","2018","7"
"290","2018-07-01",62.1458,"m","가구_인테리어","인터넷","2018","7"
"291","2018-07-01",58.38566,"f","디지털_가전","모바일","2018","7"
"292","2018-07-01",65.78841,"m","디지털_가전","인터넷","2018","7"
"293","2018-07-01",55.01456,"m","생활_건강","모바일","2018","7"
"294","2018-07-01",64.32203,"m","생활_건강","인터넷","2018","7"
"295","2018-07-01",55.14277,"m","스포츠_레져","모바일","2018","7"
"296","2018-07-01",64.63347,"m","스포츠_레져","인터넷","2018","7"
"297","2018-07-01",37.53359,"f","식품","모바일","2018","7"
"298","2018-07-01",48.95525,"m","식품","인터넷","2018","7"
"299","2018-07-01",48.34995,"f","출산_육아","모바일","2018","7"
"300","2018-07-01",58.96555,"f","출산_육아","인터넷","2018","7"
"301","2018-07-01",68.59856,"f","패션잡화","모바일","2018","7"
"302","2018-07-01",83.6132,"m","패션잡화","인터넷","2018","7"
"303","2018-07-01",62.75454,"f","화장품_미용","모바일","2018","7"
"304","2018-07-01",78.25631,"f","화장품_미용","인터넷","2018","7"
"305","2018-08-01",49.26356,"f","가구_인테리어","모바일","2018","8"
"306","2018-08-01",62.9881,"m","가구_인테리어","인터넷","2018","8"
"307","2018-08-01",51.99399,"f","디지털_가전","모바일","2018","8"
"308","2018-08-01",65.04738,"m","디지털_가전","인터넷","2018","8"
"309","2018-08-01",56.19172,"m","생활_건강","모바일","2018","8"
"310","2018-08-01",67.20958,"m","생활_건강","인터넷","2018","8"
"311","2018-08-01",49.72971,"m","스포츠_레져","모바일","2018","8"
"312","2018-08-01",59.27474,"m","스포츠_레져","인터넷","2018","8"
"313","2018-08-01",40.68563,"f","식품","모바일","2018","8"
"314","2018-08-01",52.2068,"m","식품","인터넷","2018","8"
"315","2018-08-01",42.86317,"f","출산_육아","모바일","2018","8"
"316","2018-08-01",51.37395,"f","출산_육아","인터넷","2018","8"
"317","2018-08-01",64.30566,"f","패션잡화","모바일","2018","8"
"318","2018-08-01",79.23476,"m","패션잡화","인터넷","2018","8"
"319","2018-08-01",65.04863,"f","화장품_미용","모바일","2018","8"
"320","2018-08-01",83.27955,"f","화장품_미용","인터넷","2018","8"
"321","2018-09-01",49.28722,"f","가구_인테리어","모바일","2018","9"
"322","2018-09-01",56.93063,"m","가구_인테리어","인터넷","2018","9"
"323","2018-09-01",45.69808,"f","디지털_가전","모바일","2018","9"
"324","2018-09-01",67.31775,"m","디지털_가전","인터넷","2018","9"
"325","2018-09-01",51.11635,"m","생활_건강","모바일","2018","9"
"326","2018-09-01",56.90078,"m","생활_건강","인터넷","2018","9"
"327","2018-09-01",49.66637,"m","스포츠_레져","모바일","2018","9"
"328","2018-09-01",53.88599,"m","스포츠_레져","인터넷","2018","9"
"329","2018-09-01",42.6686,"f","식품","모바일","2018","9"
"330","2018-09-01",53.40595,"m","식품","인터넷","2018","9"
"331","2018-09-01",42.52434,"f","출산_육아","모바일","2018","9"
"332","2018-09-01",47.39745,"f","출산_육아","인터넷","2018","9"
"333","2018-09-01",65.34166,"f","패션잡화","모바일","2018","9"
"334","2018-09-01",72.20796,"m","패션잡화","인터넷","2018","9"
"335","2018-09-01",62.08447,"f","화장품_미용","모바일","2018","9"
"336","2018-09-01",73.8514,"f","화장품_미용","인터넷","2018","9"
"337","2018-10-01",57.33334,"f","가구_인테리어","모바일","2018","10"
"338","2018-10-01",75.62769,"m","가구_인테리어","인터넷","2018","10"
"339","2018-10-01",51.7312,"f","디지털_가전","모바일","2018","10"
"340","2018-10-01",86.67809,"m","디지털_가전","인터넷","2018","10"
"341","2018-10-01",53.43381,"m","생활_건강","모바일","2018","10"
"342","2018-10-01",67.4255,"m","생활_건강","인터넷","2018","10"
"343","2018-10-01",60.76749,"m","스포츠_레져","모바일","2018","10"
"344","2018-10-01",70.37117,"m","스포츠_레져","인터넷","2018","10"
"345","2018-10-01",40.99985,"f","식품","모바일","2018","10"
"346","2018-10-01",53.65293,"m","식품","인터넷","2018","10"
"347","2018-10-01",47.06666,"f","출산_육아","모바일","2018","10"
"348","2018-10-01",57.24947,"f","출산_육아","인터넷","2018","10"
"349","2018-10-01",67.78913,"f","패션잡화","모바일","2018","10"
"350","2018-10-01",79.68575,"m","패션잡화","인터넷","2018","10"
"351","2018-10-01",68.03431,"f","화장품_미용","모바일","2018","10"
"352","2018-10-01",90.92615,"f","화장품_미용","인터넷","2018","10"
"353","2018-11-01",54.16969,"f","가구_인테리어","모바일","2018","11"
"354","2018-11-01",68.51626,"m","가구_인테리어","인터넷","2018","11"
"355","2018-11-01",54.13621,"f","디지털_가전","모바일","2018","11"
"356","2018-11-01",100,"m","디지털_가전","인터넷","2018","11"
"357","2018-11-01",52.57195,"m","생활_건강","모바일","2018","11"
"358","2018-11-01",65.06516,"m","생활_건강","인터넷","2018","11"
"359","2018-11-01",53.80748,"m","스포츠_레져","모바일","2018","11"
"360","2018-11-01",58.85891,"m","스포츠_레져","인터넷","2018","11"
"361","2018-11-01",40.27335,"f","식품","모바일","2018","11"
"362","2018-11-01",51.56771,"m","식품","인터넷","2018","11"
"363","2018-11-01",47.27149,"f","출산_육아","모바일","2018","11"
"364","2018-11-01",59.40093,"f","출산_육아","인터넷","2018","11"
"365","2018-11-01",65.86923,"f","패션잡화","모바일","2018","11"
"366","2018-11-01",76.91137,"m","패션잡화","인터넷","2018","11"
"367","2018-11-01",66.87982,"f","화장품_미용","모바일","2018","11"
"368","2018-11-01",88.22805,"f","화장품_미용","인터넷","2018","11"
"369","2018-12-01",58.17306,"f","가구_인테리어","모바일","2018","12"
"370","2018-12-01",66.56013,"m","가구_인테리어","인터넷","2018","12"
"371","2018-12-01",55.22222,"f","디지털_가전","모바일","2018","12"
"372","2018-12-01",98.76605,"m","디지털_가전","인터넷","2018","12"
"373","2018-12-01",54.19585,"m","생활_건강","모바일","2018","12"
"374","2018-12-01",61.4375,"m","생활_건강","인터넷","2018","12"
"375","2018-12-01",50.69166,"m","스포츠_레져","모바일","2018","12"
"376","2018-12-01",51.7942,"m","스포츠_레져","인터넷","2018","12"
"377","2018-12-01",40.71334,"f","식품","모바일","2018","12"
"378","2018-12-01",49.50617,"m","식품","인터넷","2018","12"
"379","2018-12-01",63.21913,"f","출산_육아","모바일","2018","12"
"380","2018-12-01",67.15141,"f","출산_육아","인터넷","2018","12"
"381","2018-12-01",75.10111,"f","패션잡화","모바일","2018","12"
"382","2018-12-01",77.48836,"m","패션잡화","인터넷","2018","12"
"383","2018-12-01",73.56313,"f","화장품_미용","모바일","2018","12"
"384","2018-12-01",82.08198,"f","화장품_미용","인터넷","2018","12"
"385","2019-01-01",58.44799,"f","가구_인테리어","모바일","2019","1"
"386","2019-01-01",76.74801,"m","가구_인테리어","인터넷","2019","1"
"387","2019-01-01",58.96555,"f","디지털_가전","모바일","2019","1"
"388","2019-01-01",87.48117,"m","디지털_가전","인터넷","2019","1"
"389","2019-01-01",52.92697,"m","생활_건강","모바일","2019","1"
"390","2019-01-01",63.42182,"m","생활_건강","인터넷","2019","1"
"391","2019-01-01",40.4574,"m","스포츠_레져","모바일","2019","1"
"392","2019-01-01",48.13287,"m","스포츠_레져","인터넷","2019","1"
"393","2019-01-01",53.11879,"f","식품","모바일","2019","1"
"394","2019-01-01",66.78657,"m","식품","인터넷","2019","1"
"395","2019-01-01",47.72316,"f","출산_육아","모바일","2019","1"
"396","2019-01-01",54.18397,"f","출산_육아","인터넷","2019","1"
"397","2019-01-01",66.12153,"f","패션잡화","모바일","2019","1"
"398","2019-01-01",77.61422,"m","패션잡화","인터넷","2019","1"
"399","2019-01-01",81.55054,"f","화장품_미용","모바일","2019","1"
"400","2019-01-01",93.16548,"f","화장품_미용","인터넷","2019","1"
"401","2019-02-01",53.42292,"f","가구_인테리어","모바일","2019","2"
"402","2019-02-01",71.18105,"m","가구_인테리어","인터넷","2019","2"
"403","2019-02-01",53.83991,"f","디지털_가전","모바일","2019","2"
"404","2019-02-01",71.51411,"m","디지털_가전","인터넷","2019","2"
"405","2019-02-01",50.07143,"m","생활_건강","모바일","2019","2"
"406","2019-02-01",54.56612,"m","생활_건강","인터넷","2019","2"
"407","2019-02-01",35.17296,"m","스포츠_레져","모바일","2019","2"
"408","2019-02-01",39.89931,"m","스포츠_레져","인터넷","2019","2"
"409","2019-02-01",43.00021,"f","식품","모바일","2019","2"
"410","2019-02-01",49.03634,"m","식품","인터넷","2019","2"
"411","2019-02-01",45.40515,"f","출산_육아","모바일","2019","2"
"412","2019-02-01",49.50742,"f","출산_육아","인터넷","2019","2"
"413","2019-02-01",66.92675,"f","패션잡화","모바일","2019","2"
"414","2019-02-01",72.84028,"m","패션잡화","인터넷","2019","2"
"415","2019-02-01",74.56563,"f","화장품_미용","모바일","2019","2"
"416","2019-02-01",77.9482,"f","화장품_미용","인터넷","2019","2"
"417","2019-03-01",54.11154,"f","가구_인테리어","모바일","2019","3"
"418","2019-03-01",81.36356,"m","가구_인테리어","인터넷","2019","3"
"419","2019-03-01",60.95927,"f","디지털_가전","모바일","2019","3"
"420","2019-03-01",81.56592,"m","디지털_가전","인터넷","2019","3"
"421","2019-03-01",62.71752,"m","생활_건강","모바일","2019","3"
"422","2019-03-01",76.94695,"m","생활_건강","인터넷","2019","3"
"423","2019-03-01",44.32255,"m","스포츠_레져","모바일","2019","3"
"424","2019-03-01",54.10578,"m","스포츠_레져","인터넷","2019","3"
"425","2019-03-01",46.87019,"f","식품","모바일","2019","3"
"426","2019-03-01",62.5261,"m","식품","인터넷","2019","3"
"427","2019-03-01",62.92311,"f","출산_육아","모바일","2019","3"
"428","2019-03-01",77.6595,"f","출산_육아","인터넷","2019","3"
"429","2019-03-01",69.59794,"f","패션잡화","모바일","2019","3"
"430","2019-03-01",85.16364,"m","패션잡화","인터넷","2019","3"
"431","2019-03-01",74.17211,"f","화장품_미용","모바일","2019","3"
"432","2019-03-01",86.12251,"f","화장품_미용","인터넷","2019","3"
"433","2019-04-01",44.93406,"f","가구_인테리어","모바일","2019","4"
"434","2019-04-01",69.72486,"m","가구_인테리어","인터넷","2019","4"
"435","2019-04-01",47.59979,"f","디지털_가전","모바일","2019","4"
"436","2019-04-01",67.91836,"m","디지털_가전","인터넷","2019","4"
"437","2019-04-01",50.65405,"m","생활_건강","모바일","2019","4"
"438","2019-04-01",65.47673,"m","생활_건강","인터넷","2019","4"
"439","2019-04-01",45.79059,"m","스포츠_레져","모바일","2019","4"
"440","2019-04-01",58.36226,"m","스포츠_레져","인터넷","2019","4"
"441","2019-04-01",43.0678,"f","식품","모바일","2019","4"
"442","2019-04-01",62.40625,"m","식품","인터넷","2019","4"
"443","2019-04-01",62.00848,"f","출산_육아","모바일","2019","4"
"444","2019-04-01",84.02527,"f","출산_육아","인터넷","2019","4"
"445","2019-04-01",64.62779,"f","패션잡화","모바일","2019","4"
"446","2019-04-01",82.44078,"m","패션잡화","인터넷","2019","4"
"447","2019-04-01",67.62408,"f","화장품_미용","모바일","2019","4"
"448","2019-04-01",84.08122,"f","화장품_미용","인터넷","2019","4"
"449","2019-05-01",48.07769,"f","가구_인테리어","모바일","2019","5"
"450","2019-05-01",68.23064,"m","가구_인테리어","인터넷","2019","5"
"451","2019-05-01",52.9618,"f","디지털_가전","모바일","2019","5"
"452","2019-05-01",65.73342,"m","디지털_가전","인터넷","2019","5"
"453","2019-05-01",59.76222,"m","생활_건강","모바일","2019","5"
"454","2019-05-01",76.5748,"m","생활_건강","인터넷","2019","5"
"455","2019-05-01",55.41757,"m","스포츠_레져","모바일","2019","5"
"456","2019-05-01",67.91759,"m","스포츠_레져","인터넷","2019","5"
"457","2019-05-01",46.56573,"f","식품","모바일","2019","5"
"458","2019-05-01",58.56222,"m","식품","인터넷","2019","5"
"459","2019-05-01",64.06339,"f","출산_육아","모바일","2019","5"
"460","2019-05-01",80.18333,"f","출산_육아","인터넷","2019","5"
"461","2019-05-01",74.83512,"f","패션잡화","모바일","2019","5"
"462","2019-05-01",91.67273,"m","패션잡화","인터넷","2019","5"
"463","2019-05-01",75.26762,"f","화장품_미용","모바일","2019","5"
"464","2019-05-01",90.61363,"f","화장품_미용","인터넷","2019","5"
"465","2019-06-01",51.5421,"f","가구_인테리어","모바일","2019","6"
"466","2019-06-01",67.71197,"m","가구_인테리어","인터넷","2019","6"
"467","2019-06-01",54.38959,"f","디지털_가전","모바일","2019","6"
"468","2019-06-01",68.68051,"m","디지털_가전","인터넷","2019","6"
"469","2019-06-01",64.35764,"m","생활_건강","모바일","2019","6"
"470","2019-06-01",70.80155,"m","생활_건강","인터넷","2019","6"
"471","2019-06-01",60.21433,"m","스포츠_레져","모바일","2019","6"
"472","2019-06-01",68.73839,"m","스포츠_레져","인터넷","2019","6"
"473","2019-06-01",50.9165,"f","식품","모바일","2019","6"
"474","2019-06-01",60.02609,"m","식품","인터넷","2019","6"
"475","2019-06-01",58.88129,"f","출산_육아","모바일","2019","6"
"476","2019-06-01",71.99828,"f","출산_육아","인터넷","2019","6"
"477","2019-06-01",77.79261,"f","패션잡화","모바일","2019","6"
"478","2019-06-01",88.77802,"m","패션잡화","인터넷","2019","6"
"479","2019-06-01",79.56875,"f","화장품_미용","모바일","2019","6"
"480","2019-06-01",89.8024,"f","화장품_미용","인터넷","2019","6"
"481","2019-07-01",55.62427,"f","가구_인테리어","모바일","2019","7"
"482","2019-07-01",73.19815,"m","가구_인테리어","인터넷","2019","7"
"483","2019-07-01",60.69556,"f","디지털_가전","모바일","2019","7"
"484","2019-07-01",71.73276,"m","디지털_가전","인터넷","2019","7"
"485","2019-07-01",66.17682,"m","생활_건강","모바일","2019","7"
"486","2019-07-01",90.99342,"m","생활_건강","인터넷","2019","7"
"487","2019-07-01",67.0084,"m","스포츠_레져","모바일","2019","7"
"488","2019-07-01",76.2977,"m","스포츠_레져","인터넷","2019","7"
"489","2019-07-01",50.84515,"f","식품","모바일","2019","7"
"490","2019-07-01",64.69549,"m","식품","인터넷","2019","7"
"491","2019-07-01",62.74349,"f","출산_육아","모바일","2019","7"
"492","2019-07-01",77.68192,"f","출산_육아","인터넷","2019","7"
"493","2019-07-01",82.8949,"f","패션잡화","모바일","2019","7"
"494","2019-07-01",94.72839,"m","패션잡화","인터넷","2019","7"
"495","2019-07-01",81.78367,"f","화장품_미용","모바일","2019","7"
"496","2019-07-01",99.77756,"f","화장품_미용","인터넷","2019","7"
"497","2019-08-01",59.80714,"f","가구_인테리어","모바일","2019","8"
"498","2019-08-01",65.84638,"m","가구_인테리어","인터넷","2019","8"
"499","2019-08-01",62.76466,"f","디지털_가전","모바일","2019","8"
"500","2019-08-01",66.35847,"m","디지털_가전","인터넷","2019","8"
"501","2019-08-01",66.53058,"m","생활_건강","모바일","2019","8"
"502","2019-08-01",86.89795,"m","생활_건강","인터넷","2019","8"
"503","2019-08-01",63.70714,"m","스포츠_레져","모바일","2019","8"
"504","2019-08-01",65.58171,"m","스포츠_레져","인터넷","2019","8"
"505","2019-08-01",54.33755,"f","식품","모바일","2019","8"
"506","2019-08-01",64.14861,"m","식품","인터넷","2019","8"
"507","2019-08-01",62.20295,"f","출산_육아","모바일","2019","8"
"508","2019-08-01",65.16557,"f","출산_육아","인터넷","2019","8"
"509","2019-08-01",81.33986,"f","패션잡화","모바일","2019","8"
"510","2019-08-01",81.03643,"m","패션잡화","인터넷","2019","8"
"511","2019-08-01",82.76433,"f","화장품_미용","모바일","2019","8"
"512","2019-08-01",91.82128,"f","화장품_미용","인터넷","2019","8"
"513","2019-09-01",61.36298,"f","가구_인테리어","모바일","2019","9"
"514","2019-09-01",65.1583,"m","가구_인테리어","인터넷","2019","9"
"515","2019-09-01",61.57311,"f","디지털_가전","모바일","2019","9"
"516","2019-09-01",63.58932,"m","디지털_가전","인터넷","2019","9"
"517","2019-09-01",65.21167,"m","생활_건강","모바일","2019","9"
"518","2019-09-01",88.59287,"m","생활_건강","인터넷","2019","9"
"519","2019-09-01",65.51807,"m","스포츠_레져","모바일","2019","9"
"520","2019-09-01",64.68988,"m","스포츠_레져","인터넷","2019","9"
"521","2019-09-01",57.35672,"f","식품","모바일","2019","9"
"522","2019-09-01",62.9341,"m","식품","인터넷","2019","9"
"523","2019-09-01",72.12693,"f","출산_육아","모바일","2019","9"
"524","2019-09-01",74.2454,"f","출산_육아","인터넷","2019","9"
"525","2019-09-01",85.76757,"f","패션잡화","모바일","2019","9"
"526","2019-09-01",79.15853,"m","패션잡화","인터넷","2019","9"
"527","2019-09-01",79.31968,"f","화장품_미용","모바일","2019","9"
"528","2019-09-01",84.81356,"f","화장품_미용","인터넷","2019","9"
"529","2019-10-01",65.44644,"f","가구_인테리어","모바일","2019","10"
"530","2019-10-01",73.37815,"m","가구_인테리어","인터넷","2019","10"
"531","2019-10-01",62.08692,"f","디지털_가전","모바일","2019","10"
"532","2019-10-01",67.11167,"m","디지털_가전","인터넷","2019","10"
"533","2019-10-01",68.71807,"m","생활_건강","모바일","2019","10"
"534","2019-10-01",92.08317,"m","생활_건강","인터넷","2019","10"
"535","2019-10-01",72.90106,"m","스포츠_레져","모바일","2019","10"
"536","2019-10-01",75.05762,"m","스포츠_레져","인터넷","2019","10"
"537","2019-10-01",57.73662,"f","식품","모바일","2019","10"
"538","2019-10-01",65.47708,"m","식품","인터넷","2019","10"
"539","2019-10-01",80.26138,"f","출산_육아","모바일","2019","10"
"540","2019-10-01",83.61362,"f","출산_육아","인터넷","2019","10"
"541","2019-10-01",85.36187,"f","패션잡화","모바일","2019","10"
"542","2019-10-01",81.70976,"m","패션잡화","인터넷","2019","10"
"543","2019-10-01",83.50556,"f","화장품_미용","모바일","2019","10"
"544","2019-10-01",93.65964,"f","화장품_미용","인터넷","2019","10"
"545","2019-11-01",65.55587,"f","가구_인테리어","모바일","2019","11"
"546","2019-11-01",72.7504,"m","가구_인테리어","인터넷","2019","11"
"547","2019-11-01",64.88664,"f","디지털_가전","모바일","2019","11"
"548","2019-11-01",68.23026,"m","디지털_가전","인터넷","2019","11"
"549","2019-11-01",67.44775,"m","생활_건강","모바일","2019","11"
"550","2019-11-01",86.04993,"m","생활_건강","인터넷","2019","11"
"551","2019-11-01",71.03139,"m","스포츠_레져","모바일","2019","11"
"552","2019-11-01",69.87451,"m","스포츠_레져","인터넷","2019","11"
"553","2019-11-01",56.44637,"f","식품","모바일","2019","11"
"554","2019-11-01",65.51099,"m","식품","인터넷","2019","11"
"555","2019-11-01",87.39175,"f","출산_육아","모바일","2019","11"
"556","2019-11-01",90.5339,"f","출산_육아","인터넷","2019","11"
"557","2019-11-01",85.06802,"f","패션잡화","모바일","2019","11"
"558","2019-11-01",82.78421,"m","패션잡화","인터넷","2019","11"
"559","2019-11-01",84.02024,"f","화장품_미용","모바일","2019","11"
"560","2019-11-01",93.92919,"f","화장품_미용","인터넷","2019","11"
"561","2019-12-01",65.06011,"f","가구_인테리어","모바일","2019","12"
"562","2019-12-01",70.68664,"m","가구_인테리어","인터넷","2019","12"
"563","2019-12-01",63.35422,"f","디지털_가전","모바일","2019","12"
"564","2019-12-01",65.79218,"m","디지털_가전","인터넷","2019","12"
"565","2019-12-01",68.25116,"m","생활_건강","모바일","2019","12"
"566","2019-12-01",81.95921,"m","생활_건강","인터넷","2019","12"
"567","2019-12-01",58.34066,"m","스포츠_레져","모바일","2019","12"
"568","2019-12-01",56.68263,"m","스포츠_레져","인터넷","2019","12"
"569","2019-12-01",57.10617,"f","식품","모바일","2019","12"
"570","2019-12-01",63.48863,"m","식품","인터넷","2019","12"
"571","2019-12-01",92.10484,"f","출산_육아","모바일","2019","12"
"572","2019-12-01",86.80313,"f","출산_육아","인터넷","2019","12"
"573","2019-12-01",86.8454,"f","패션잡화","모바일","2019","12"
"574","2019-12-01",81.28824,"m","패션잡화","인터넷","2019","12"
"575","2019-12-01",89.82716,"f","화장품_미용","모바일","2019","12"
"576","2019-12-01",88.69881,"f","화장품_미용","인터넷","2019","12"
"577","2020-01-01",61.64626,"f","가구_인테리어","모바일","2020","1"
"578","2020-01-01",66.4937,"m","가구_인테리어","인터넷","2020","1"
"579","2020-01-01",64.28894,"f","디지털_가전","모바일","2020","1"
"580","2020-01-01",64.99175,"m","디지털_가전","인터넷","2020","1"
"581","2020-01-01",66.79204,"m","생활_건강","모바일","2020","1"
"582","2020-01-01",79.41659,"m","생활_건강","인터넷","2020","1"
"583","2020-01-01",48.03465,"m","스포츠_레져","모바일","2020","1"
"584","2020-01-01",45.73273,"m","스포츠_레져","인터넷","2020","1"
"585","2020-01-01",66.39504,"f","식품","모바일","2020","1"
"586","2020-01-01",68.70653,"m","식품","인터넷","2020","1"
"587","2020-01-01",71.70249,"f","출산_육아","모바일","2020","1"
"588","2020-01-01",61.61801,"f","출산_육아","인터넷","2020","1"
"589","2020-01-01",81.77833,"f","패션잡화","모바일","2020","1"
"590","2020-01-01",73.68137,"m","패션잡화","인터넷","2020","1"
"591","2020-01-01",98.16208,"f","화장품_미용","모바일","2020","1"
"592","2020-01-01",87.80435,"f","화장품_미용","인터넷","2020","1"
"593","2020-02-01",73.16502,"f","가구_인테리어","모바일","2020","2"
"594","2020-02-01",74.58802,"m","가구_인테리어","인터넷","2020","2"
"595","2020-02-01",72.52571,"f","디지털_가전","모바일","2020","2"
"596","2020-02-01",68.94814,"m","디지털_가전","인터넷","2020","2"
"597","2020-02-01",67.18835,"m","생활_건강","모바일","2020","2"
"598","2020-02-01",73.07746,"m","생활_건강","인터넷","2020","2"
"599","2020-02-01",48.38632,"m","스포츠_레져","모바일","2020","2"
"600","2020-02-01",49.0136,"m","스포츠_레져","인터넷","2020","2"
"601","2020-02-01",75.30169,"f","식품","모바일","2020","2"
"602","2020-02-01",71.25162,"m","식품","인터넷","2020","2"
"603","2020-02-01",11.61302,"f","여가_생활편의","모바일","2020","2"
"604","2020-02-01",12.28199,"m","여가_생활편의","인터넷","2020","2"
"605","2020-02-01",83.03179,"f","출산_육아","모바일","2020","2"
"606","2020-02-01",78.10856,"f","출산_육아","인터넷","2020","2"
"607","2020-02-01",84.70632,"f","패션잡화","모바일","2020","2"
"608","2020-02-01",76.59158,"m","패션잡화","인터넷","2020","2"
"609","2020-02-01",99.3648,"f","화장품_미용","모바일","2020","2"
"610","2020-02-01",95.59376,"f","화장품_미용","인터넷","2020","2"
"611","2020-03-01",94.10751,"f","가구_인테리어","모바일","2020","3"
"612","2020-03-01",90.20947,"m","가구_인테리어","인터넷","2020","3"
"613","2020-03-01",92.52141,"f","디지털_가전","모바일","2020","3"
"614","2020-03-01",82.56838,"m","디지털_가전","인터넷","2020","3"
"615","2020-03-01",82.06755,"m","생활_건강","모바일","2020","3"
"616","2020-03-01",87.14187,"m","생활_건강","인터넷","2020","3"
"617","2020-03-01",66.14358,"m","스포츠_레져","모바일","2020","3"
"618","2020-03-01",66.72839,"m","스포츠_레져","인터넷","2020","3"
"619","2020-03-01",94.73661,"f","식품","모바일","2020","3"
"620","2020-03-01",87.13632,"m","식품","인터넷","2020","3"
"621","2020-03-01",32.98014,"f","여가_생활편의","모바일","2020","3"
"622","2020-03-01",30.71522,"m","여가_생활편의","인터넷","2020","3"
"623","2020-03-01",90.29676,"f","출산_육아","모바일","2020","3"
"624","2020-03-01",87.13034,"f","출산_육아","인터넷","2020","3"
"625","2020-03-01",89.63609,"f","패션잡화","모바일","2020","3"
"626","2020-03-01",83.7016,"m","패션잡화","인터넷","2020","3"
"627","2020-03-01",100,"f","화장품_미용","모바일","2020","3"
"628","2020-03-01",99.88288,"f","화장품_미용","인터넷","2020","3"
"629","2020-04-01",88.10588,"f","가구_인테리어","모바일","2020","4"
"630","2020-04-01",91.36622,"m","가구_인테리어","인터넷","2020","4"
"631","2020-04-01",86.4383,"f","디지털_가전","모바일","2020","4"
"632","2020-04-01",82.20979,"m","디지털_가전","인터넷","2020","4"
"633","2020-04-01",88.16396,"m","생활_건강","모바일","2020","4"
"634","2020-04-01",93.9333,"m","생활_건강","인터넷","2020","4"
"635","2020-04-01",82.95002,"m","스포츠_레져","모바일","2020","4"
"636","2020-04-01",86.91116,"m","스포츠_레져","인터넷","2020","4"
"637","2020-04-01",84.51852,"f","식품","모바일","2020","4"
"638","2020-04-01",84.48966,"m","식품","인터넷","2020","4"
"639","2020-04-01",42.24157,"f","여가_생활편의","모바일","2020","4"
"640","2020-04-01",45.12577,"m","여가_생활편의","인터넷","2020","4"
"641","2020-04-01",85.99759,"f","출산_육아","모바일","2020","4"
"642","2020-04-01",87.20601,"f","출산_육아","인터넷","2020","4"
"643","2020-04-01",87.5107,"f","패션잡화","모바일","2020","4"
"644","2020-04-01",91.11578,"m","패션잡화","인터넷","2020","4"
"645","2020-04-01",89.95054,"f","화장품_미용","모바일","2020","4"
"646","2020-04-01",95.00846,"f","화장품_미용","인터넷","2020","4"
"647","2020-05-01",84.25381,"f","가구_인테리어","모바일","2020","5"
"648","2020-05-01",89.18261,"m","가구_인테리어","인터넷","2020","5"
"649","2020-05-01",84.32912,"f","디지털_가전","모바일","2020","5"
"650","2020-05-01",79.21555,"m","디지털_가전","인터넷","2020","5"
"651","2020-05-01",94.89685,"m","생활_건강","모바일","2020","5"
"652","2020-05-01",96.26391,"m","생활_건강","인터넷","2020","5"
"653","2020-05-01",97.49421,"m","스포츠_레져","모바일","2020","5"
"654","2020-05-01",100,"m","스포츠_레져","인터넷","2020","5"
"655","2020-05-01",73.53901,"f","식품","모바일","2020","5"
"656","2020-05-01",80.14797,"m","식품","인터넷","2020","5"
"657","2020-05-01",45.86452,"f","여가_생활편의","모바일","2020","5"
"658","2020-05-01",45.31644,"m","여가_생활편의","인터넷","2020","5"
"659","2020-05-01",91.95012,"f","출산_육아","모바일","2020","5"
"660","2020-05-01",88.61052,"f","출산_육아","인터넷","2020","5"
"661","2020-05-01",100,"f","패션잡화","모바일","2020","5"
"662","2020-05-01",100,"m","패션잡화","인터넷","2020","5"
"663","2020-05-01",88.74462,"f","화장품_미용","모바일","2020","5"
"664","2020-05-01",91.70205,"f","화장품_미용","인터넷","2020","5"
"665","2020-06-01",76.12237,"f","가구_인테리어","모바일","2020","6"
"666","2020-06-01",82.65147,"m","가구_인테리어","인터넷","2020","6"
"667","2020-06-01",80.53727,"f","디지털_가전","모바일","2020","6"
"668","2020-06-01",74.63802,"m","디지털_가전","인터넷","2020","6"
"669","2020-06-01",90.45003,"m","생활_건강","모바일","2020","6"
"670","2020-06-01",90.37078,"m","생활_건강","인터넷","2020","6"
"671","2020-06-01",92.14445,"m","스포츠_레져","모바일","2020","6"
"672","2020-06-01",96.49296,"m","스포츠_레져","인터넷","2020","6"
"673","2020-06-01",70.32573,"f","식품","모바일","2020","6"
"674","2020-06-01",80.28975,"m","식품","인터넷","2020","6"
"675","2020-06-01",56.68064,"f","여가_생활편의","모바일","2020","6"
"676","2020-06-01",65.24513,"m","여가_생활편의","인터넷","2020","6"
"677","2020-06-01",80.20353,"f","출산_육아","모바일","2020","6"
"678","2020-06-01",86.02187,"f","출산_육아","인터넷","2020","6"
"679","2020-06-01",96.3138,"f","패션잡화","모바일","2020","6"
"680","2020-06-01",91.23998,"m","패션잡화","인터넷","2020","6"
"681","2020-06-01",81.45749,"f","화장품_미용","모바일","2020","6"
"682","2020-06-01",91.31651,"f","화장품_미용","인터넷","2020","6"
"683","2020-07-01",71.6059,"f","가구_인테리어","모바일","2020","7"
"684","2020-07-01",78.24189,"m","가구_인테리어","인터넷","2020","7"
"685","2020-07-01",73.183,"f","디지털_가전","모바일","2020","7"
"686","2020-07-01",71.74425,"m","디지털_가전","인터넷","2020","7"
"687","2020-07-01",88.15631,"m","생활_건강","모바일","2020","7"
"688","2020-07-01",89.04316,"m","생활_건강","인터넷","2020","7"
"689","2020-07-01",89.31806,"m","스포츠_레져","모바일","2020","7"
"690","2020-07-01",92.36232,"m","스포츠_레져","인터넷","2020","7"
"691","2020-07-01",71.44202,"f","식품","모바일","2020","7"
"692","2020-07-01",79.76406,"m","식품","인터넷","2020","7"
"693","2020-07-01",100,"f","여가_생활편의","모바일","2020","7"
"694","2020-07-01",100,"m","여가_생활편의","인터넷","2020","7"
"695","2020-07-01",68.17965,"f","출산_육아","모바일","2020","7"
"696","2020-07-01",72.94042,"f","출산_육아","인터넷","2020","7"
"697","2020-07-01",88.38956,"f","패션잡화","모바일","2020","7"
"698","2020-07-01",84.4524,"m","패션잡화","인터넷","2020","7"
"699","2020-07-01",80.95578,"f","화장품_미용","모바일","2020","7"
"700","2020-07-01",92.41884,"f","화장품_미용","인터넷","2020","7"
"701","2020-08-01",78.82446,"f","가구_인테리어","모바일","2020","8"
"702","2020-08-01",76.22863,"m","가구_인테리어","인터넷","2020","8"
"703","2020-08-01",87.15313,"f","디지털_가전","모바일","2020","8"
"704","2020-08-01",74.43943,"m","디지털_가전","인터넷","2020","8"
"705","2020-08-01",83.59084,"m","생활_건강","모바일","2020","8"
"706","2020-08-01",78.45805,"m","생활_건강","인터넷","2020","8"
"707","2020-08-01",76.05669,"m","스포츠_레져","모바일","2020","8"
"708","2020-08-01",74.07664,"m","스포츠_레져","인터넷","2020","8"
"709","2020-08-01",76.73178,"f","식품","모바일","2020","8"
"710","2020-08-01",76.86702,"m","식품","인터넷","2020","8"
"711","2020-08-01",88.57404,"f","여가_생활편의","모바일","2020","8"
"712","2020-08-01",72.23196,"m","여가_생활편의","인터넷","2020","8"
"713","2020-08-01",62.54542,"f","출산_육아","모바일","2020","8"
"714","2020-08-01",60.33455,"f","출산_육아","인터넷","2020","8"
"715","2020-08-01",77.71867,"f","패션잡화","모바일","2020","8"
"716","2020-08-01",73.88664,"m","패션잡화","인터넷","2020","8"
"717","2020-08-01",83.11332,"f","화장품_미용","모바일","2020","8"
"718","2020-08-01",84.17395,"f","화장품_미용","인터넷","2020","8"
"719","2020-09-01",86.04547,"f","가구_인테리어","모바일","2020","9"
"720","2020-09-01",83.83762,"m","가구_인테리어","인터넷","2020","9"
"721","2020-09-01",78.4972,"f","디지털_가전","모바일","2020","9"
"722","2020-09-01",75.46953,"m","디지털_가전","인터넷","2020","9"
"723","2020-09-01",87.73376,"m","생활_건강","모바일","2020","9"
"724","2020-09-01",85.949,"m","생활_건강","인터넷","2020","9"
"725","2020-09-01",83.93865,"m","스포츠_레져","모바일","2020","9"
"726","2020-09-01",84.94379,"m","스포츠_레져","인터넷","2020","9"
"727","2020-09-01",93.91819,"f","식품","모바일","2020","9"
"728","2020-09-01",96.04416,"m","식품","인터넷","2020","9"
"729","2020-09-01",37.73316,"f","여가_생활편의","모바일","2020","9"
"730","2020-09-01",37.16626,"m","여가_생활편의","인터넷","2020","9"
"731","2020-09-01",75.2079,"f","출산_육아","모바일","2020","9"
"732","2020-09-01",76.88243,"f","출산_육아","인터넷","2020","9"
"733","2020-09-01",73.44065,"f","패션잡화","모바일","2020","9"
"734","2020-09-01",70.50734,"m","패션잡화","인터넷","2020","9"
"735","2020-09-01",80.12303,"f","화장품_미용","모바일","2020","9"
"736","2020-09-01",88.89633,"f","화장품_미용","인터넷","2020","9"
"737","2020-10-01",81.63673,"f","가구_인테리어","모바일","2020","10"
"738","2020-10-01",82.41376,"m","가구_인테리어","인터넷","2020","10"
"739","2020-10-01",79.02258,"f","디지털_가전","모바일","2020","10"
"740","2020-10-01",71.85811,"m","디지털_가전","인터넷","2020","10"
"741","2020-10-01",94.32482,"m","생활_건강","모바일","2020","10"
"742","2020-10-01",89.40492,"m","생활_건강","인터넷","2020","10"
"743","2020-10-01",100,"m","스포츠_레져","모바일","2020","10"
"744","2020-10-01",94.66179,"m","스포츠_레져","인터넷","2020","10"
"745","2020-10-01",78.13639,"f","식품","모바일","2020","10"
"746","2020-10-01",81.59296,"m","식품","인터넷","2020","10"
"747","2020-10-01",58.84147,"f","여가_생활편의","모바일","2020","10"
"748","2020-10-01",48.25457,"m","여가_생활편의","인터넷","2020","10"
"749","2020-10-01",90.72292,"f","출산_육아","모바일","2020","10"
"750","2020-10-01",84.2885,"f","출산_육아","인터넷","2020","10"
"751","2020-10-01",82.93546,"f","패션잡화","모바일","2020","10"
"752","2020-10-01",72.86336,"m","패션잡화","인터넷","2020","10"
"753","2020-10-01",84.09102,"f","화장품_미용","모바일","2020","10"
"754","2020-10-01",85.89335,"f","화장품_미용","인터넷","2020","10"
"755","2020-11-01",78.54674,"f","가구_인테리어","모바일","2020","11"
"756","2020-11-01",85.99365,"m","가구_인테리어","인터넷","2020","11"
"757","2020-11-01",80.68442,"f","디지털_가전","모바일","2020","11"
"758","2020-11-01",76.19564,"m","디지털_가전","인터넷","2020","11"
"759","2020-11-01",90.72171,"m","생활_건강","모바일","2020","11"
"760","2020-11-01",92.67129,"m","생활_건강","인터넷","2020","11"
"761","2020-11-01",83.84302,"m","스포츠_레져","모바일","2020","11"
"762","2020-11-01",85.4273,"m","스포츠_레져","인터넷","2020","11"
"763","2020-11-01",78.73236,"f","식품","모바일","2020","11"
"764","2020-11-01",86.96551,"m","식품","인터넷","2020","11"
"765","2020-11-01",54.20595,"f","여가_생활편의","모바일","2020","11"
"766","2020-11-01",48.38536,"m","여가_생활편의","인터넷","2020","11"
"767","2020-11-01",86.96326,"f","출산_육아","모바일","2020","11"
"768","2020-11-01",90.48501,"f","출산_육아","인터넷","2020","11"
"769","2020-11-01",86.9566,"f","패션잡화","모바일","2020","11"
"770","2020-11-01",82.34549,"m","패션잡화","인터넷","2020","11"
"771","2020-11-01",83.72246,"f","화장품_미용","모바일","2020","11"
"772","2020-11-01",95.68675,"f","화장품_미용","인터넷","2020","11"
"773","2020-12-01",100,"f","가구_인테리어","모바일","2020","12"
"774","2020-12-01",100,"m","가구_인테리어","인터넷","2020","12"
"775","2020-12-01",100,"f","디지털_가전","모바일","2020","12"
"776","2020-12-01",87.95196,"m","디지털_가전","인터넷","2020","12"
"777","2020-12-01",100,"m","생활_건강","모바일","2020","12"
"778","2020-12-01",100,"m","생활_건강","인터넷","2020","12"
"779","2020-12-01",77.35525,"m","스포츠_레져","모바일","2020","12"
"780","2020-12-01",79.06707,"m","스포츠_레져","인터넷","2020","12"
"781","2020-12-01",100,"f","식품","모바일","2020","12"
"782","2020-12-01",100,"m","식품","인터넷","2020","12"
"783","2020-12-01",31.01417,"f","여가_생활편의","모바일","2020","12"
"784","2020-12-01",35.24415,"m","여가_생활편의","인터넷","2020","12"
"785","2020-12-01",100,"f","출산_육아","모바일","2020","12"
"786","2020-12-01",100,"f","출산_육아","인터넷","2020","12"
"787","2020-12-01",91.0339,"f","패션잡화","모바일","2020","12"
"788","2020-12-01",89.20315,"m","패션잡화","인터넷","2020","12"
"789","2020-12-01",97.68934,"f","화장품_미용","모바일","2020","12"
"790","2020-12-01",100,"f","화장품_미용","인터넷","2020","12"
