"","period","ratio","group","카테고리명","검색기기","년도","월"
"1","2017-01-01",58.46869,"f","가구_인테리어","mobile","2017","1"
"2","2017-01-01",16.70126,"m","가구_인테리어","mobile","2017","1"
"3","2017-02-01",50.16908,"f","가구_인테리어","mobile","2017","2"
"4","2017-02-01",15.15636,"m","가구_인테리어","mobile","2017","2"
"5","2017-03-01",63.69874,"f","가구_인테리어","mobile","2017","3"
"6","2017-03-01",20.31757,"m","가구_인테리어","mobile","2017","3"
"7","2017-04-01",55.49322,"f","가구_인테리어","mobile","2017","4"
"8","2017-04-01",17.73282,"m","가구_인테리어","mobile","2017","4"
"9","2017-05-01",51.17599,"f","가구_인테리어","mobile","2017","5"
"10","2017-05-01",16.64046,"m","가구_인테리어","mobile","2017","5"
"11","2017-06-01",45.5117,"f","가구_인테리어","mobile","2017","6"
"12","2017-06-01",13.98794,"m","가구_인테리어","mobile","2017","6"
"13","2017-07-01",40.08591,"f","가구_인테리어","mobile","2017","7"
"14","2017-07-01",14.20226,"m","가구_인테리어","mobile","2017","7"
"15","2017-08-01",38.71998,"f","가구_인테리어","mobile","2017","8"
"16","2017-08-01",13.72458,"m","가구_인테리어","mobile","2017","8"
"17","2017-09-01",37.21146,"f","가구_인테리어","mobile","2017","9"
"18","2017-09-01",12.91936,"m","가구_인테리어","mobile","2017","9"
"19","2017-10-01",49.22024,"f","가구_인테리어","mobile","2017","10"
"20","2017-10-01",16.91779,"m","가구_인테리어","mobile","2017","10"
"21","2017-11-01",42.78351,"f","가구_인테리어","mobile","2017","11"
"22","2017-11-01",15.36986,"m","가구_인테리어","mobile","2017","11"
"23","2017-12-01",51.28601,"f","가구_인테리어","mobile","2017","12"
"24","2017-12-01",17.75196,"m","가구_인테리어","mobile","2017","12"
"25","2017-01-01",52.96893,"f","디지털_가전","mobile","2017","1"
"26","2017-01-01",58.60145,"m","디지털_가전","mobile","2017","1"
"27","2017-02-01",47.72281,"f","디지털_가전","mobile","2017","2"
"28","2017-02-01",52.12762,"m","디지털_가전","mobile","2017","2"
"29","2017-03-01",49.89777,"f","디지털_가전","mobile","2017","3"
"30","2017-03-01",56.7429,"m","디지털_가전","mobile","2017","3"
"31","2017-04-01",52.68851,"f","디지털_가전","mobile","2017","4"
"32","2017-04-01",56.75702,"m","디지털_가전","mobile","2017","4"
"33","2017-05-01",52.35636,"f","디지털_가전","mobile","2017","5"
"34","2017-05-01",57.44814,"m","디지털_가전","mobile","2017","5"
"35","2017-06-01",46.14489,"f","디지털_가전","mobile","2017","6"
"36","2017-06-01",49.05492,"m","디지털_가전","mobile","2017","6"
"37","2017-07-01",56.07576,"f","디지털_가전","mobile","2017","7"
"38","2017-07-01",61.80824,"m","디지털_가전","mobile","2017","7"
"39","2017-08-01",41.22332,"f","디지털_가전","mobile","2017","8"
"40","2017-08-01",50.28731,"m","디지털_가전","mobile","2017","8"
"41","2017-09-01",29.82305,"f","디지털_가전","mobile","2017","9"
"42","2017-09-01",38.5957,"m","디지털_가전","mobile","2017","9"
"43","2017-10-01",41.37548,"f","디지털_가전","mobile","2017","10"
"44","2017-10-01",46.6885,"m","디지털_가전","mobile","2017","10"
"45","2017-11-01",43.38578,"f","디지털_가전","mobile","2017","11"
"46","2017-11-01",49.56048,"m","디지털_가전","mobile","2017","11"
"47","2017-12-01",47.09022,"f","디지털_가전","mobile","2017","12"
"48","2017-12-01",54.97026,"m","디지털_가전","mobile","2017","12"
"49","2017-01-01",11.42394,"f","생활_건강","mobile","2017","1"
"50","2017-01-01",54.48265,"m","생활_건강","mobile","2017","1"
"51","2017-02-01",9.48058,"f","생활_건강","mobile","2017","2"
"52","2017-02-01",49.02885,"m","생활_건강","mobile","2017","2"
"53","2017-03-01",9.6865,"f","생활_건강","mobile","2017","3"
"54","2017-03-01",54.63,"m","생활_건강","mobile","2017","3"
"55","2017-04-01",14.17018,"f","생활_건강","mobile","2017","4"
"56","2017-04-01",61.56703,"m","생활_건강","mobile","2017","4"
"57","2017-05-01",11.58066,"f","생활_건강","mobile","2017","5"
"58","2017-05-01",54.09914,"m","생활_건강","mobile","2017","5"
"59","2017-06-01",9.72257,"f","생활_건강","mobile","2017","6"
"60","2017-06-01",41.53976,"m","생활_건강","mobile","2017","6"
"61","2017-07-01",12.00659,"f","생활_건강","mobile","2017","7"
"62","2017-07-01",43.8523,"m","생활_건강","mobile","2017","7"
"63","2017-08-01",10.99841,"f","생활_건강","mobile","2017","8"
"64","2017-08-01",45.85286,"m","생활_건강","mobile","2017","8"
"65","2017-09-01",7.04645,"f","생활_건강","mobile","2017","9"
"66","2017-09-01",37.02103,"m","생활_건강","mobile","2017","9"
"67","2017-10-01",7.73609,"f","생활_건강","mobile","2017","10"
"68","2017-10-01",38.14955,"m","생활_건강","mobile","2017","10"
"69","2017-11-01",8.28437,"f","생활_건강","mobile","2017","11"
"70","2017-11-01",37.69615,"m","생활_건강","mobile","2017","11"
"71","2017-12-01",8.7902,"f","생활_건강","mobile","2017","12"
"72","2017-12-01",40.14054,"m","생활_건강","mobile","2017","12"
"73","2017-01-01",31.07701,"f","스포츠_레져","mobile","2017","1"
"74","2017-01-01",38.1932,"m","스포츠_레져","mobile","2017","1"
"75","2017-02-01",22.66116,"f","스포츠_레져","mobile","2017","2"
"76","2017-02-01",31.44294,"m","스포츠_레져","mobile","2017","2"
"77","2017-03-01",27.54523,"f","스포츠_레져","mobile","2017","3"
"78","2017-03-01",42.64269,"m","스포츠_레져","mobile","2017","3"
"79","2017-04-01",29.728,"f","스포츠_레져","mobile","2017","4"
"80","2017-04-01",43.13305,"m","스포츠_레져","mobile","2017","4"
"81","2017-05-01",31.88323,"f","스포츠_레져","mobile","2017","5"
"82","2017-05-01",46.56379,"m","스포츠_레져","mobile","2017","5"
"83","2017-06-01",35.55191,"f","스포츠_레져","mobile","2017","6"
"84","2017-06-01",44.47551,"m","스포츠_레져","mobile","2017","6"
"85","2017-07-01",42.89895,"f","스포츠_레져","mobile","2017","7"
"86","2017-07-01",43.27714,"m","스포츠_레져","mobile","2017","7"
"87","2017-08-01",29.45506,"f","스포츠_레져","mobile","2017","8"
"88","2017-08-01",35.75228,"m","스포츠_레져","mobile","2017","8"
"89","2017-09-01",16.94757,"f","스포츠_레져","mobile","2017","9"
"90","2017-09-01",33.81467,"m","스포츠_레져","mobile","2017","9"
"91","2017-10-01",31.73343,"f","스포츠_레져","mobile","2017","10"
"92","2017-10-01",48.63392,"m","스포츠_레져","mobile","2017","10"
"93","2017-11-01",24.31116,"f","스포츠_레져","mobile","2017","11"
"94","2017-11-01",36.58357,"m","스포츠_레져","mobile","2017","11"
"95","2017-12-01",37.73227,"f","스포츠_레져","mobile","2017","12"
"96","2017-12-01",43.04266,"m","스포츠_레져","mobile","2017","12"
"97","2017-01-01",31.65749,"f","식품","mobile","2017","1"
"98","2017-01-01",9.7175,"m","식품","mobile","2017","1"
"99","2017-02-01",35.14947,"f","식품","mobile","2017","2"
"100","2017-02-01",12.11668,"m","식품","mobile","2017","2"
"101","2017-03-01",28.25391,"f","식품","mobile","2017","3"
"102","2017-03-01",10.10322,"m","식품","mobile","2017","3"
"103","2017-04-01",32.5775,"f","식품","mobile","2017","4"
"104","2017-04-01",11.06924,"m","식품","mobile","2017","4"
"105","2017-05-01",30.67697,"f","식품","mobile","2017","5"
"106","2017-05-01",10.70375,"m","식품","mobile","2017","5"
"107","2017-06-01",24.7368,"f","식품","mobile","2017","6"
"108","2017-06-01",8.4404,"m","식품","mobile","2017","6"
"109","2017-07-01",24.22203,"f","식품","mobile","2017","7"
"110","2017-07-01",9.2971,"m","식품","mobile","2017","7"
"111","2017-08-01",27.03371,"f","식품","mobile","2017","8"
"112","2017-08-01",9.94867,"m","식품","mobile","2017","8"
"113","2017-09-01",27.98048,"f","식품","mobile","2017","9"
"114","2017-09-01",11.80971,"m","식품","mobile","2017","9"
"115","2017-10-01",24.26308,"f","식품","mobile","2017","10"
"116","2017-10-01",10.35471,"m","식품","mobile","2017","10"
"117","2017-11-01",24.10033,"f","식품","mobile","2017","11"
"118","2017-11-01",9.11742,"m","식품","mobile","2017","11"
"119","2017-12-01",24.32051,"f","식품","mobile","2017","12"
"120","2017-12-01",9.65888,"m","식품","mobile","2017","12"
"121","2017-01-01",53.44154,"f","출산_육아","mobile","2017","1"
"122","2017-01-01",10.26213,"m","출산_육아","mobile","2017","1"
"123","2017-02-01",46.82037,"f","출산_육아","mobile","2017","2"
"124","2017-02-01",9.51353,"m","출산_육아","mobile","2017","2"
"125","2017-03-01",47.38105,"f","출산_육아","mobile","2017","3"
"126","2017-03-01",9.93442,"m","출산_육아","mobile","2017","3"
"127","2017-04-01",41.61616,"f","출산_육아","mobile","2017","4"
"128","2017-04-01",9.14822,"m","출산_육아","mobile","2017","4"
"129","2017-05-01",38.45695,"f","출산_육아","mobile","2017","5"
"130","2017-05-01",9.19739,"m","출산_육아","mobile","2017","5"
"131","2017-06-01",36.44823,"f","출산_육아","mobile","2017","6"
"132","2017-06-01",7.40046,"m","출산_육아","mobile","2017","6"
"133","2017-07-01",33.95641,"f","출산_육아","mobile","2017","7"
"134","2017-07-01",7.90464,"m","출산_육아","mobile","2017","7"
"135","2017-08-01",23.52339,"f","출산_육아","mobile","2017","8"
"136","2017-08-01",6.80531,"m","출산_육아","mobile","2017","8"
"137","2017-09-01",12.92175,"f","출산_육아","mobile","2017","9"
"138","2017-09-01",5.66773,"m","출산_육아","mobile","2017","9"
"139","2017-10-01",13.87194,"f","출산_육아","mobile","2017","10"
"140","2017-10-01",5.18156,"m","출산_육아","mobile","2017","10"
"141","2017-11-01",7.15123,"f","출산_육아","mobile","2017","11"
"142","2017-11-01",3.84197,"m","출산_육아","mobile","2017","11"
"143","2017-12-01",34.33342,"f","출산_육아","mobile","2017","12"
"144","2017-12-01",9.04409,"m","출산_육아","mobile","2017","12"
"145","2017-01-01",72.40807,"f","패션잡화","mobile","2017","1"
"146","2017-01-01",26.82706,"m","패션잡화","mobile","2017","1"
"147","2017-02-01",67.22985,"f","패션잡화","mobile","2017","2"
"148","2017-02-01",26.34997,"m","패션잡화","mobile","2017","2"
"149","2017-03-01",79.96312,"f","패션잡화","mobile","2017","3"
"150","2017-03-01",30.22358,"m","패션잡화","mobile","2017","3"
"151","2017-04-01",69.08307,"f","패션잡화","mobile","2017","4"
"152","2017-04-01",27.07786,"m","패션잡화","mobile","2017","4"
"153","2017-05-01",64.32628,"f","패션잡화","mobile","2017","5"
"154","2017-05-01",25.30612,"m","패션잡화","mobile","2017","5"
"155","2017-06-01",65.75329,"f","패션잡화","mobile","2017","6"
"156","2017-06-01",24.38881,"m","패션잡화","mobile","2017","6"
"157","2017-07-01",54.30222,"f","패션잡화","mobile","2017","7"
"158","2017-07-01",23.15881,"m","패션잡화","mobile","2017","7"
"159","2017-08-01",47.27146,"f","패션잡화","mobile","2017","8"
"160","2017-08-01",21.04682,"m","패션잡화","mobile","2017","8"
"161","2017-09-01",44.91575,"f","패션잡화","mobile","2017","9"
"162","2017-09-01",19.88136,"m","패션잡화","mobile","2017","9"
"163","2017-10-01",50.21639,"f","패션잡화","mobile","2017","10"
"164","2017-10-01",20.73625,"m","패션잡화","mobile","2017","10"
"165","2017-11-01",46.67044,"f","패션잡화","mobile","2017","11"
"166","2017-11-01",19.65978,"m","패션잡화","mobile","2017","11"
"167","2017-12-01",63.35682,"f","패션잡화","mobile","2017","12"
"168","2017-12-01",25.23151,"m","패션잡화","mobile","2017","12"
"169","2017-01-01",63.05094,"f","화장품_미용","mobile","2017","1"
"170","2017-01-01",10.23322,"m","화장품_미용","mobile","2017","1"
"171","2017-02-01",59.93839,"f","화장품_미용","mobile","2017","2"
"172","2017-02-01",10.07547,"m","화장품_미용","mobile","2017","2"
"173","2017-03-01",58.83525,"f","화장품_미용","mobile","2017","3"
"174","2017-03-01",10.42635,"m","화장품_미용","mobile","2017","3"
"175","2017-04-01",61.93054,"f","화장품_미용","mobile","2017","4"
"176","2017-04-01",10.7817,"m","화장품_미용","mobile","2017","4"
"177","2017-05-01",57.8249,"f","화장품_미용","mobile","2017","5"
"178","2017-05-01",10.5076,"m","화장품_미용","mobile","2017","5"
"179","2017-06-01",48.96941,"f","화장품_미용","mobile","2017","6"
"180","2017-06-01",8.8333,"m","화장품_미용","mobile","2017","6"
"181","2017-07-01",43.72541,"f","화장품_미용","mobile","2017","7"
"182","2017-07-01",8.29739,"m","화장품_미용","mobile","2017","7"
"183","2017-08-01",47.33293,"f","화장품_미용","mobile","2017","8"
"184","2017-08-01",8.38673,"m","화장품_미용","mobile","2017","8"
"185","2017-09-01",44.84926,"f","화장품_미용","mobile","2017","9"
"186","2017-09-01",8.45746,"m","화장품_미용","mobile","2017","9"
"187","2017-10-01",52.56306,"f","화장품_미용","mobile","2017","10"
"188","2017-10-01",10.30676,"m","화장품_미용","mobile","2017","10"
"189","2017-11-01",49.7394,"f","화장품_미용","mobile","2017","11"
"190","2017-11-01",9.06466,"m","화장품_미용","mobile","2017","11"
"191","2017-12-01",57.2991,"f","화장품_미용","mobile","2017","12"
"192","2017-12-01",10.58762,"m","화장품_미용","mobile","2017","12"
"193","2017-01-01",53.68928,"f","가구_인테리어","pc","2017","1"
"194","2017-01-01",52.36797,"m","가구_인테리어","pc","2017","1"
"195","2017-02-01",44.24934,"f","가구_인테리어","pc","2017","2"
"196","2017-02-01",39.51219,"m","가구_인테리어","pc","2017","2"
"197","2017-03-01",59.22737,"f","가구_인테리어","pc","2017","3"
"198","2017-03-01",56.73294,"m","가구_인테리어","pc","2017","3"
"199","2017-04-01",53.5177,"f","가구_인테리어","pc","2017","4"
"200","2017-04-01",56.96774,"m","가구_인테리어","pc","2017","4"
"201","2017-05-01",50.81761,"f","가구_인테리어","pc","2017","5"
"202","2017-05-01",55.35336,"m","가구_인테리어","pc","2017","5"
"203","2017-06-01",45.3747,"f","가구_인테리어","pc","2017","6"
"204","2017-06-01",45.71163,"m","가구_인테리어","pc","2017","6"
"205","2017-07-01",45.65077,"f","가구_인테리어","pc","2017","7"
"206","2017-07-01",51.09345,"m","가구_인테리어","pc","2017","7"
"207","2017-08-01",54.06002,"f","가구_인테리어","pc","2017","8"
"208","2017-08-01",60.12982,"m","가구_인테리어","pc","2017","8"
"209","2017-09-01",44.56121,"f","가구_인테리어","pc","2017","9"
"210","2017-09-01",48.70296,"m","가구_인테리어","pc","2017","9"
"211","2017-10-01",67.75419,"f","가구_인테리어","pc","2017","10"
"212","2017-10-01",77.87723,"m","가구_인테리어","pc","2017","10"
"213","2017-11-01",61.95208,"f","가구_인테리어","pc","2017","11"
"214","2017-11-01",64.28212,"m","가구_인테리어","pc","2017","11"
"215","2017-12-01",57.42401,"f","가구_인테리어","pc","2017","12"
"216","2017-12-01",62.43362,"m","가구_인테리어","pc","2017","12"
"217","2017-01-01",18.171,"f","디지털_가전","pc","2017","1"
"218","2017-01-01",47.85197,"m","디지털_가전","pc","2017","1"
"219","2017-02-01",14.16064,"f","디지털_가전","pc","2017","2"
"220","2017-02-01",40.32925,"m","디지털_가전","pc","2017","2"
"221","2017-03-01",16.06539,"f","디지털_가전","pc","2017","3"
"222","2017-03-01",47.99228,"m","디지털_가전","pc","2017","3"
"223","2017-04-01",17.21304,"f","디지털_가전","pc","2017","4"
"224","2017-04-01",51.21382,"m","디지털_가전","pc","2017","4"
"225","2017-05-01",16.85718,"f","디지털_가전","pc","2017","5"
"226","2017-05-01",54.69474,"m","디지털_가전","pc","2017","5"
"227","2017-06-01",15.35027,"f","디지털_가전","pc","2017","6"
"228","2017-06-01",42.44373,"m","디지털_가전","pc","2017","6"
"229","2017-07-01",18.68932,"f","디지털_가전","pc","2017","7"
"230","2017-07-01",59.84406,"m","디지털_가전","pc","2017","7"
"231","2017-08-01",17.42652,"f","디지털_가전","pc","2017","8"
"232","2017-08-01",63.73629,"m","디지털_가전","pc","2017","8"
"233","2017-09-01",12.34215,"f","디지털_가전","pc","2017","9"
"234","2017-09-01",71.04618,"m","디지털_가전","pc","2017","9"
"235","2017-10-01",19.06078,"f","디지털_가전","pc","2017","10"
"236","2017-10-01",106.24451,"m","디지털_가전","pc","2017","10"
"237","2017-11-01",19.52921,"f","디지털_가전","pc","2017","11"
"238","2017-11-01",131.76974,"m","디지털_가전","pc","2017","11"
"239","2017-12-01",17.63967,"f","디지털_가전","pc","2017","12"
"240","2017-12-01",131.73992,"m","디지털_가전","pc","2017","12"
"241","2017-01-01",6.11683,"f","생활_건강","pc","2017","1"
"242","2017-01-01",65.34934,"m","생활_건강","pc","2017","1"
"243","2017-02-01",4.7271,"f","생활_건강","pc","2017","2"
"244","2017-02-01",55.55708,"m","생활_건강","pc","2017","2"
"245","2017-03-01",4.27179,"f","생활_건강","pc","2017","3"
"246","2017-03-01",60.39079,"m","생활_건강","pc","2017","3"
"247","2017-04-01",7.17442,"f","생활_건강","pc","2017","4"
"248","2017-04-01",69.40531,"m","생활_건강","pc","2017","4"
"249","2017-05-01",5.55155,"f","생활_건강","pc","2017","5"
"250","2017-05-01",56.26258,"m","생활_건강","pc","2017","5"
"251","2017-06-01",5.26984,"f","생활_건강","pc","2017","6"
"252","2017-06-01",50.33985,"m","생활_건강","pc","2017","6"
"253","2017-07-01",6.17386,"f","생활_건강","pc","2017","7"
"254","2017-07-01",37.65064,"m","생활_건강","pc","2017","7"
"255","2017-08-01",6.49993,"f","생활_건강","pc","2017","8"
"256","2017-08-01",47.52121,"m","생활_건강","pc","2017","8"
"257","2017-09-01",4.16461,"f","생활_건강","pc","2017","9"
"258","2017-09-01",25.20869,"m","생활_건강","pc","2017","9"
"259","2017-10-01",5.78037,"f","생활_건강","pc","2017","10"
"260","2017-10-01",42.76783,"m","생활_건강","pc","2017","10"
"261","2017-11-01",6.26812,"f","생활_건강","pc","2017","11"
"262","2017-11-01",44.08039,"m","생활_건강","pc","2017","11"
"263","2017-12-01",5.71431,"f","생활_건강","pc","2017","12"
"264","2017-12-01",40.91579,"m","생활_건강","pc","2017","12"
"265","2017-01-01",12.08633,"f","스포츠_레져","pc","2017","1"
"266","2017-01-01",41.14209,"m","스포츠_레져","pc","2017","1"
"267","2017-02-01",7.59311,"f","스포츠_레져","pc","2017","2"
"268","2017-02-01",30.40689,"m","스포츠_레져","pc","2017","2"
"269","2017-03-01",9.98247,"f","스포츠_레져","pc","2017","3"
"270","2017-03-01",45.19386,"m","스포츠_레져","pc","2017","3"
"271","2017-04-01",10.65567,"f","스포츠_레져","pc","2017","4"
"272","2017-04-01",47.24566,"m","스포츠_레져","pc","2017","4"
"273","2017-05-01",11.34742,"f","스포츠_레져","pc","2017","5"
"274","2017-05-01",49.89833,"m","스포츠_레져","pc","2017","5"
"275","2017-06-01",13.13585,"f","스포츠_레져","pc","2017","6"
"276","2017-06-01",48.63197,"m","스포츠_레져","pc","2017","6"
"277","2017-07-01",18.54879,"f","스포츠_레져","pc","2017","7"
"278","2017-07-01",52.96924,"m","스포츠_레져","pc","2017","7"
"279","2017-08-01",15.81692,"f","스포츠_레져","pc","2017","8"
"280","2017-08-01",52.96777,"m","스포츠_레져","pc","2017","8"
"281","2017-09-01",8.41345,"f","스포츠_레져","pc","2017","9"
"282","2017-09-01",43.0821,"m","스포츠_레져","pc","2017","9"
"283","2017-10-01",15.40089,"f","스포츠_레져","pc","2017","10"
"284","2017-10-01",65.68472,"m","스포츠_레져","pc","2017","10"
"285","2017-11-01",12.48802,"f","스포츠_레져","pc","2017","11"
"286","2017-11-01",47.84331,"m","스포츠_레져","pc","2017","11"
"287","2017-12-01",14.0838,"f","스포츠_레져","pc","2017","12"
"288","2017-12-01",46.90577,"m","스포츠_레져","pc","2017","12"
"289","2017-01-01",31.09855,"f","식품","pc","2017","1"
"290","2017-01-01",34.75503,"m","식품","pc","2017","1"
"291","2017-02-01",35.41486,"f","식품","pc","2017","2"
"292","2017-02-01",39.61826,"m","식품","pc","2017","2"
"293","2017-03-01",22.9634,"f","식품","pc","2017","3"
"294","2017-03-01",32.04384,"m","식품","pc","2017","3"
"295","2017-04-01",16.66255,"f","식품","pc","2017","4"
"296","2017-04-01",30.31059,"m","식품","pc","2017","4"
"297","2017-05-01",15.85402,"f","식품","pc","2017","5"
"298","2017-05-01",35.81466,"m","식품","pc","2017","5"
"299","2017-06-01",23.71305,"f","식품","pc","2017","6"
"300","2017-06-01",28.59917,"m","식품","pc","2017","6"
"301","2017-07-01",24.74128,"f","식품","pc","2017","7"
"302","2017-07-01",33.21501,"m","식품","pc","2017","7"
"303","2017-08-01",32.4513,"f","식품","pc","2017","8"
"304","2017-08-01",40.26499,"m","식품","pc","2017","8"
"305","2017-09-01",33.49368,"f","식품","pc","2017","9"
"306","2017-09-01",43.8778,"m","식품","pc","2017","9"
"307","2017-10-01",32.24065,"f","식품","pc","2017","10"
"308","2017-10-01",41.82878,"m","식품","pc","2017","10"
"309","2017-11-01",32.1498,"f","식품","pc","2017","11"
"310","2017-11-01",37.62443,"m","식품","pc","2017","11"
"311","2017-12-01",26.74065,"f","식품","pc","2017","12"
"312","2017-12-01",35.52371,"m","식품","pc","2017","12"
"313","2017-01-01",62.01521,"f","출산_육아","pc","2017","1"
"314","2017-01-01",47.88592,"m","출산_육아","pc","2017","1"
"315","2017-02-01",50.4919,"f","출산_육아","pc","2017","2"
"316","2017-02-01",39.84318,"m","출산_육아","pc","2017","2"
"317","2017-03-01",48.8347,"f","출산_육아","pc","2017","3"
"318","2017-03-01",45.3396,"m","출산_육아","pc","2017","3"
"319","2017-04-01",43.44721,"f","출산_육아","pc","2017","4"
"320","2017-04-01",37.93698,"m","출산_육아","pc","2017","4"
"321","2017-05-01",40.90131,"f","출산_육아","pc","2017","5"
"322","2017-05-01",42.27306,"m","출산_육아","pc","2017","5"
"323","2017-06-01",39.9502,"f","출산_육아","pc","2017","6"
"324","2017-06-01",34.05277,"m","출산_육아","pc","2017","6"
"325","2017-07-01",40.24918,"f","출산_육아","pc","2017","7"
"326","2017-07-01",38.12621,"m","출산_육아","pc","2017","7"
"327","2017-08-01",37.58233,"f","출산_육아","pc","2017","8"
"328","2017-08-01",40.87988,"m","출산_육아","pc","2017","8"
"329","2017-09-01",20.5495,"f","출산_육아","pc","2017","9"
"330","2017-09-01",29.9675,"m","출산_육아","pc","2017","9"
"331","2017-10-01",30.88532,"f","출산_육아","pc","2017","10"
"332","2017-10-01",36.30434,"m","출산_육아","pc","2017","10"
"333","2017-11-01",28.26796,"f","출산_육아","pc","2017","11"
"334","2017-11-01",31.76035,"m","출산_육아","pc","2017","11"
"335","2017-12-01",47.49969,"f","출산_육아","pc","2017","12"
"336","2017-12-01",44.61463,"m","출산_육아","pc","2017","12"
"337","2017-01-01",63.84937,"f","패션잡화","pc","2017","1"
"338","2017-01-01",74.09306,"m","패션잡화","pc","2017","1"
"339","2017-02-01",52.14924,"f","패션잡화","pc","2017","2"
"340","2017-02-01",63.8909,"m","패션잡화","pc","2017","2"
"341","2017-03-01",66.56837,"f","패션잡화","pc","2017","3"
"342","2017-03-01",75.89144,"m","패션잡화","pc","2017","3"
"343","2017-04-01",59.11705,"f","패션잡화","pc","2017","4"
"344","2017-04-01",69.39836,"m","패션잡화","pc","2017","4"
"345","2017-05-01",57.45162,"f","패션잡화","pc","2017","5"
"346","2017-05-01",65.61029,"m","패션잡화","pc","2017","5"
"347","2017-06-01",60.95598,"f","패션잡화","pc","2017","6"
"348","2017-06-01",66.48124,"m","패션잡화","pc","2017","6"
"349","2017-07-01",58.22939,"f","패션잡화","pc","2017","7"
"350","2017-07-01",72.49801,"m","패션잡화","pc","2017","7"
"351","2017-08-01",60.71892,"f","패션잡화","pc","2017","8"
"352","2017-08-01",77.43309,"m","패션잡화","pc","2017","8"
"353","2017-09-01",50.56593,"f","패션잡화","pc","2017","9"
"354","2017-09-01",65.25739,"m","패션잡화","pc","2017","9"
"355","2017-10-01",67.8928,"f","패션잡화","pc","2017","10"
"356","2017-10-01",77.66174,"m","패션잡화","pc","2017","10"
"357","2017-11-01",63.00589,"f","패션잡화","pc","2017","11"
"358","2017-11-01",71.03853,"m","패션잡화","pc","2017","11"
"359","2017-12-01",64.99213,"f","패션잡화","pc","2017","12"
"360","2017-12-01",73.68848,"m","패션잡화","pc","2017","12"
"361","2017-01-01",87.01374,"f","화장품_미용","pc","2017","1"
"362","2017-01-01",54.73028,"m","화장품_미용","pc","2017","1"
"363","2017-02-01",75.38106,"f","화장품_미용","pc","2017","2"
"364","2017-02-01",47.81661,"m","화장품_미용","pc","2017","2"
"365","2017-03-01",77.24243,"f","화장품_미용","pc","2017","3"
"366","2017-03-01",52.25777,"m","화장품_미용","pc","2017","3"
"367","2017-04-01",79.15586,"f","화장품_미용","pc","2017","4"
"368","2017-04-01",51.96734,"m","화장품_미용","pc","2017","4"
"369","2017-05-01",73.65539,"f","화장품_미용","pc","2017","5"
"370","2017-05-01",48.23366,"m","화장품_미용","pc","2017","5"
"371","2017-06-01",61.67032,"f","화장품_미용","pc","2017","6"
"372","2017-06-01",40.93031,"m","화장품_미용","pc","2017","6"
"373","2017-07-01",56.73506,"f","화장품_미용","pc","2017","7"
"374","2017-07-01",42.3965,"m","화장품_미용","pc","2017","7"
"375","2017-08-01",74.73782,"f","화장품_미용","pc","2017","8"
"376","2017-08-01",51.8083,"m","화장품_미용","pc","2017","8"
"377","2017-09-01",62.88924,"f","화장품_미용","pc","2017","9"
"378","2017-09-01",45.29276,"m","화장품_미용","pc","2017","9"
"379","2017-10-01",88.19266,"f","화장품_미용","pc","2017","10"
"380","2017-10-01",62.56847,"m","화장품_미용","pc","2017","10"
"381","2017-11-01",82.52691,"f","화장품_미용","pc","2017","11"
"382","2017-11-01",51.99166,"m","화장품_미용","pc","2017","11"
"383","2017-12-01",75.46515,"f","화장품_미용","pc","2017","12"
"384","2017-12-01",54.05772,"m","화장품_미용","pc","2017","12"
"385","2018-01-01",58.45834,"f","가구_인테리어","mobile","2018","1"
"386","2018-01-01",18.29394,"m","가구_인테리어","mobile","2018","1"
"387","2018-02-01",51.796,"f","가구_인테리어","mobile","2018","2"
"388","2018-02-01",16.94358,"m","가구_인테리어","mobile","2018","2"
"389","2018-03-01",58.90514,"f","가구_인테리어","mobile","2018","3"
"390","2018-03-01",20.08827,"m","가구_인테리어","mobile","2018","3"
"391","2018-04-01",50.21364,"f","가구_인테리어","mobile","2018","4"
"392","2018-04-01",17.1889,"m","가구_인테리어","mobile","2018","4"
"393","2018-05-01",49.62684,"f","가구_인테리어","mobile","2018","5"
"394","2018-05-01",17.15186,"m","가구_인테리어","mobile","2018","5"
"395","2018-06-01",48.5269,"f","가구_인테리어","mobile","2018","6"
"396","2018-06-01",16.25999,"m","가구_인테리어","mobile","2018","6"
"397","2018-07-01",47.85509,"f","가구_인테리어","mobile","2018","7"
"398","2018-07-01",17.13007,"m","가구_인테리어","mobile","2018","7"
"399","2018-08-01",49.26356,"f","가구_인테리어","mobile","2018","8"
"400","2018-08-01",17.38126,"m","가구_인테리어","mobile","2018","8"
"401","2018-09-01",49.28722,"f","가구_인테리어","mobile","2018","9"
"402","2018-09-01",17.14573,"m","가구_인테리어","mobile","2018","9"
"403","2018-10-01",57.33334,"f","가구_인테리어","mobile","2018","10"
"404","2018-10-01",19.74903,"m","가구_인테리어","mobile","2018","10"
"405","2018-11-01",54.16969,"f","가구_인테리어","mobile","2018","11"
"406","2018-11-01",18.77836,"m","가구_인테리어","mobile","2018","11"
"407","2018-12-01",58.17306,"f","가구_인테리어","mobile","2018","12"
"408","2018-12-01",20.04382,"m","가구_인테리어","mobile","2018","12"
"409","2019-01-01",58.44799,"f","가구_인테리어","mobile","2019","1"
"410","2019-01-01",19.88662,"m","가구_인테리어","mobile","2019","1"
"411","2019-02-01",53.42292,"f","가구_인테리어","mobile","2019","2"
"412","2019-02-01",18.7308,"m","가구_인테리어","mobile","2019","2"
"413","2019-03-01",54.11154,"f","가구_인테리어","mobile","2019","3"
"414","2019-03-01",19.85897,"m","가구_인테리어","mobile","2019","3"
"415","2019-04-01",44.93406,"f","가구_인테리어","mobile","2019","4"
"416","2019-04-01",16.64498,"m","가구_인테리어","mobile","2019","4"
"417","2019-05-01",48.07769,"f","가구_인테리어","mobile","2019","5"
"418","2019-05-01",17.66326,"m","가구_인테리어","mobile","2019","5"
"419","2019-06-01",51.5421,"f","가구_인테리어","mobile","2019","6"
"420","2019-06-01",18.53204,"m","가구_인테리어","mobile","2019","6"
"421","2019-07-01",55.62427,"f","가구_인테리어","mobile","2019","7"
"422","2019-07-01",20.05788,"m","가구_인테리어","mobile","2019","7"
"423","2019-08-01",59.80714,"f","가구_인테리어","mobile","2019","8"
"424","2019-08-01",21.03794,"m","가구_인테리어","mobile","2019","8"
"425","2019-09-01",61.36298,"f","가구_인테리어","mobile","2019","9"
"426","2019-09-01",21.3721,"m","가구_인테리어","mobile","2019","9"
"427","2019-10-01",65.44644,"f","가구_인테리어","mobile","2019","10"
"428","2019-10-01",22.58027,"m","가구_인테리어","mobile","2019","10"
"429","2019-11-01",65.55587,"f","가구_인테리어","mobile","2019","11"
"430","2019-11-01",22.18686,"m","가구_인테리어","mobile","2019","11"
"431","2019-12-01",65.06011,"f","가구_인테리어","mobile","2019","12"
"432","2019-12-01",22.33568,"m","가구_인테리어","mobile","2019","12"
"433","2020-01-01",61.64626,"f","가구_인테리어","mobile","2020","1"
"434","2020-01-01",21.68321,"m","가구_인테리어","mobile","2020","1"
"435","2020-02-01",73.16502,"f","가구_인테리어","mobile","2020","2"
"436","2020-02-01",24.10696,"m","가구_인테리어","mobile","2020","2"
"437","2020-03-01",94.10751,"f","가구_인테리어","mobile","2020","3"
"438","2020-03-01",29.31281,"m","가구_인테리어","mobile","2020","3"
"439","2020-04-01",88.10588,"f","가구_인테리어","mobile","2020","4"
"440","2020-04-01",28.32723,"m","가구_인테리어","mobile","2020","4"
"441","2020-05-01",84.25381,"f","가구_인테리어","mobile","2020","5"
"442","2020-05-01",28.43931,"m","가구_인테리어","mobile","2020","5"
"443","2020-06-01",76.12237,"f","가구_인테리어","mobile","2020","6"
"444","2020-06-01",25.44745,"m","가구_인테리어","mobile","2020","6"
"445","2020-07-01",71.6059,"f","가구_인테리어","mobile","2020","7"
"446","2020-07-01",24.01269,"m","가구_인테리어","mobile","2020","7"
"447","2020-08-01",78.82446,"f","가구_인테리어","mobile","2020","8"
"448","2020-08-01",25.63953,"m","가구_인테리어","mobile","2020","8"
"449","2020-09-01",86.04547,"f","가구_인테리어","mobile","2020","9"
"450","2020-09-01",26.82638,"m","가구_인테리어","mobile","2020","9"
"451","2020-10-01",81.63673,"f","가구_인테리어","mobile","2020","10"
"452","2020-10-01",27.25426,"m","가구_인테리어","mobile","2020","10"
"453","2020-11-01",78.54674,"f","가구_인테리어","mobile","2020","11"
"454","2020-11-01",26.32608,"m","가구_인테리어","mobile","2020","11"
"455","2020-12-01",100,"f","가구_인테리어","mobile","2020","12"
"456","2020-12-01",31.8088,"m","가구_인테리어","mobile","2020","12"
"457","2018-01-01",55.96724,"f","디지털_가전","mobile","2018","1"
"458","2018-01-01",61.94533,"m","디지털_가전","mobile","2018","1"
"459","2018-02-01",50.78136,"f","디지털_가전","mobile","2018","2"
"460","2018-02-01",56.886,"m","디지털_가전","mobile","2018","2"
"461","2018-03-01",55.42852,"f","디지털_가전","mobile","2018","3"
"462","2018-03-01",62.11465,"m","디지털_가전","mobile","2018","3"
"463","2018-04-01",50.14415,"f","디지털_가전","mobile","2018","4"
"464","2018-04-01",55.44312,"m","디지털_가전","mobile","2018","4"
"465","2018-05-01",52.65908,"f","디지털_가전","mobile","2018","5"
"466","2018-05-01",57.94247,"m","디지털_가전","mobile","2018","5"
"467","2018-06-01",50.26724,"f","디지털_가전","mobile","2018","6"
"468","2018-06-01",54.71608,"m","디지털_가전","mobile","2018","6"
"469","2018-07-01",58.38566,"f","디지털_가전","mobile","2018","7"
"470","2018-07-01",64.42072,"m","디지털_가전","mobile","2018","7"
"471","2018-08-01",51.99399,"f","디지털_가전","mobile","2018","8"
"472","2018-08-01",59.9807,"m","디지털_가전","mobile","2018","8"
"473","2018-09-01",45.69808,"f","디지털_가전","mobile","2018","9"
"474","2018-09-01",53.81781,"m","디지털_가전","mobile","2018","9"
"475","2018-10-01",51.7312,"f","디지털_가전","mobile","2018","10"
"476","2018-10-01",57.17491,"m","디지털_가전","mobile","2018","10"
"477","2018-11-01",54.13621,"f","디지털_가전","mobile","2018","11"
"478","2018-11-01",59.62075,"m","디지털_가전","mobile","2018","11"
"479","2018-12-01",55.22222,"f","디지털_가전","mobile","2018","12"
"480","2018-12-01",61.92568,"m","디지털_가전","mobile","2018","12"
"481","2019-01-01",58.96555,"f","디지털_가전","mobile","2019","1"
"482","2019-01-01",65.28921,"m","디지털_가전","mobile","2019","1"
"483","2019-02-01",53.83991,"f","디지털_가전","mobile","2019","2"
"484","2019-02-01",61.64438,"m","디지털_가전","mobile","2019","2"
"485","2019-03-01",60.95927,"f","디지털_가전","mobile","2019","3"
"486","2019-03-01",67.4864,"m","디지털_가전","mobile","2019","3"
"487","2019-04-01",47.59979,"f","디지털_가전","mobile","2019","4"
"488","2019-04-01",54.12922,"m","디지털_가전","mobile","2019","4"
"489","2019-05-01",52.9618,"f","디지털_가전","mobile","2019","5"
"490","2019-05-01",58.4368,"m","디지털_가전","mobile","2019","5"
"491","2019-06-01",54.38959,"f","디지털_가전","mobile","2019","6"
"492","2019-06-01",60.37724,"m","디지털_가전","mobile","2019","6"
"493","2019-07-01",60.69556,"f","디지털_가전","mobile","2019","7"
"494","2019-07-01",67.0332,"m","디지털_가전","mobile","2019","7"
"495","2019-08-01",62.76466,"f","디지털_가전","mobile","2019","8"
"496","2019-08-01",69.67409,"m","디지털_가전","mobile","2019","8"
"497","2019-09-01",61.57311,"f","디지털_가전","mobile","2019","9"
"498","2019-09-01",69.03992,"m","디지털_가전","mobile","2019","9"
"499","2019-10-01",62.08692,"f","디지털_가전","mobile","2019","10"
"500","2019-10-01",67.66132,"m","디지털_가전","mobile","2019","10"
"501","2019-11-01",64.88664,"f","디지털_가전","mobile","2019","11"
"502","2019-11-01",69.68102,"m","디지털_가전","mobile","2019","11"
"503","2019-12-01",63.35422,"f","디지털_가전","mobile","2019","12"
"504","2019-12-01",68.8811,"m","디지털_가전","mobile","2019","12"
"505","2020-01-01",64.28894,"f","디지털_가전","mobile","2020","1"
"506","2020-01-01",70.56345,"m","디지털_가전","mobile","2020","1"
"507","2020-02-01",72.52571,"f","디지털_가전","mobile","2020","2"
"508","2020-02-01",72.91038,"m","디지털_가전","mobile","2020","2"
"509","2020-03-01",92.52141,"f","디지털_가전","mobile","2020","3"
"510","2020-03-01",87.47961,"m","디지털_가전","mobile","2020","3"
"511","2020-04-01",86.4383,"f","디지털_가전","mobile","2020","4"
"512","2020-04-01",84.33784,"m","디지털_가전","mobile","2020","4"
"513","2020-05-01",84.32912,"f","디지털_가전","mobile","2020","5"
"514","2020-05-01",83.25764,"m","디지털_가전","mobile","2020","5"
"515","2020-06-01",80.53727,"f","디지털_가전","mobile","2020","6"
"516","2020-06-01",76.82003,"m","디지털_가전","mobile","2020","6"
"517","2020-07-01",73.183,"f","디지털_가전","mobile","2020","7"
"518","2020-07-01",70.78799,"m","디지털_가전","mobile","2020","7"
"519","2020-08-01",87.15313,"f","디지털_가전","mobile","2020","8"
"520","2020-08-01",83.13326,"m","디지털_가전","mobile","2020","8"
"521","2020-09-01",78.4972,"f","디지털_가전","mobile","2020","9"
"522","2020-09-01",75.91532,"m","디지털_가전","mobile","2020","9"
"523","2020-10-01",79.02258,"f","디지털_가전","mobile","2020","10"
"524","2020-10-01",76.08426,"m","디지털_가전","mobile","2020","10"
"525","2020-11-01",80.68442,"f","디지털_가전","mobile","2020","11"
"526","2020-11-01",77.83286,"m","디지털_가전","mobile","2020","11"
"527","2020-12-01",100,"f","디지털_가전","mobile","2020","12"
"528","2020-12-01",92.73494,"m","디지털_가전","mobile","2020","12"
"529","2018-01-01",11.69327,"f","생활_건강","mobile","2018","1"
"530","2018-01-01",53.70481,"m","생활_건강","mobile","2018","1"
"531","2018-02-01",10.27043,"f","생활_건강","mobile","2018","2"
"532","2018-02-01",49.55014,"m","생활_건강","mobile","2018","2"
"533","2018-03-01",13.0087,"f","생활_건강","mobile","2018","3"
"534","2018-03-01",58.67376,"m","생활_건강","mobile","2018","3"
"535","2018-04-01",12.99365,"f","생활_건강","mobile","2018","4"
"536","2018-04-01",56.11054,"m","생활_건강","mobile","2018","4"
"537","2018-05-01",13.25372,"f","생활_건강","mobile","2018","5"
"538","2018-05-01",56.93068,"m","생활_건강","mobile","2018","5"
"539","2018-06-01",12.84833,"f","생활_건강","mobile","2018","6"
"540","2018-06-01",52.9487,"m","생활_건강","mobile","2018","6"
"541","2018-07-01",14.20929,"f","생활_건강","mobile","2018","7"
"542","2018-07-01",55.01456,"m","생활_건강","mobile","2018","7"
"543","2018-08-01",13.89473,"f","생활_건강","mobile","2018","8"
"544","2018-08-01",56.19172,"m","생활_건강","mobile","2018","8"
"545","2018-09-01",11.11718,"f","생활_건강","mobile","2018","9"
"546","2018-09-01",51.11635,"m","생활_건강","mobile","2018","9"
"547","2018-10-01",11.55876,"f","생활_건강","mobile","2018","10"
"548","2018-10-01",53.43381,"m","생활_건강","mobile","2018","10"
"549","2018-11-01",11.68855,"f","생활_건강","mobile","2018","11"
"550","2018-11-01",52.57195,"m","생활_건강","mobile","2018","11"
"551","2018-12-01",12.07597,"f","생활_건강","mobile","2018","12"
"552","2018-12-01",54.19585,"m","생활_건강","mobile","2018","12"
"553","2019-01-01",11.9626,"f","생활_건강","mobile","2019","1"
"554","2019-01-01",52.92697,"m","생활_건강","mobile","2019","1"
"555","2019-02-01",11.06028,"f","생활_건강","mobile","2019","2"
"556","2019-02-01",50.07143,"m","생활_건강","mobile","2019","2"
"557","2019-03-01",16.3309,"f","생활_건강","mobile","2019","3"
"558","2019-03-01",62.71752,"m","생활_건강","mobile","2019","3"
"559","2019-04-01",11.81712,"f","생활_건강","mobile","2019","4"
"560","2019-04-01",50.65405,"m","생활_건강","mobile","2019","4"
"561","2019-05-01",14.92678,"f","생활_건강","mobile","2019","5"
"562","2019-05-01",59.76222,"m","생활_건강","mobile","2019","5"
"563","2019-06-01",15.97409,"f","생활_건강","mobile","2019","6"
"564","2019-06-01",64.35764,"m","생활_건강","mobile","2019","6"
"565","2019-07-01",16.41199,"f","생활_건강","mobile","2019","7"
"566","2019-07-01",66.17682,"m","생활_건강","mobile","2019","7"
"567","2019-08-01",16.79105,"f","생활_건강","mobile","2019","8"
"568","2019-08-01",66.53058,"m","생활_건강","mobile","2019","8"
"569","2019-09-01",15.18791,"f","생활_건강","mobile","2019","9"
"570","2019-09-01",65.21167,"m","생활_건강","mobile","2019","9"
"571","2019-10-01",15.38143,"f","생활_건강","mobile","2019","10"
"572","2019-10-01",68.71807,"m","생활_건강","mobile","2019","10"
"573","2019-11-01",15.09273,"f","생활_건강","mobile","2019","11"
"574","2019-11-01",67.44775,"m","생활_건강","mobile","2019","11"
"575","2019-12-01",15.36174,"f","생활_건강","mobile","2019","12"
"576","2019-12-01",68.25116,"m","생활_건강","mobile","2019","12"
"577","2020-01-01",14.15967,"f","생활_건강","mobile","2020","1"
"578","2020-01-01",66.79204,"m","생활_건강","mobile","2020","1"
"579","2020-02-01",14.48271,"f","생활_건강","mobile","2020","2"
"580","2020-02-01",67.18835,"m","생활_건강","mobile","2020","2"
"581","2020-03-01",17.81392,"f","생활_건강","mobile","2020","3"
"582","2020-03-01",82.06755,"m","생활_건강","mobile","2020","3"
"583","2020-04-01",20.64997,"f","생활_건강","mobile","2020","4"
"584","2020-04-01",88.16396,"m","생활_건강","mobile","2020","4"
"585","2020-05-01",23.92186,"f","생활_건강","mobile","2020","5"
"586","2020-05-01",94.89685,"m","생활_건강","mobile","2020","5"
"587","2020-06-01",24.93053,"f","생활_건강","mobile","2020","6"
"588","2020-06-01",90.45003,"m","생활_건강","mobile","2020","6"
"589","2020-07-01",23.5827,"f","생활_건강","mobile","2020","7"
"590","2020-07-01",88.15631,"m","생활_건강","mobile","2020","7"
"591","2020-08-01",22.12807,"f","생활_건강","mobile","2020","8"
"592","2020-08-01",83.59084,"m","생활_건강","mobile","2020","8"
"593","2020-09-01",22.25118,"f","생활_건강","mobile","2020","9"
"594","2020-09-01",87.73376,"m","생활_건강","mobile","2020","9"
"595","2020-10-01",23.27818,"f","생활_건강","mobile","2020","10"
"596","2020-10-01",94.32482,"m","생활_건강","mobile","2020","10"
"597","2020-11-01",22.49383,"f","생활_건강","mobile","2020","11"
"598","2020-11-01",90.72171,"m","생활_건강","mobile","2020","11"
"599","2020-12-01",24.99643,"f","생활_건강","mobile","2020","12"
"600","2020-12-01",100,"m","생활_건강","mobile","2020","12"
"601","2018-01-01",30.62307,"f","스포츠_레져","mobile","2018","1"
"602","2018-01-01",39.3253,"m","스포츠_레져","mobile","2018","1"
"603","2018-02-01",22.93542,"f","스포츠_레져","mobile","2018","2"
"604","2018-02-01",33.30795,"m","스포츠_레져","mobile","2018","2"
"605","2018-03-01",27.52003,"f","스포츠_레져","mobile","2018","3"
"606","2018-03-01",43.48262,"m","스포츠_레져","mobile","2018","3"
"607","2018-04-01",29.79585,"f","스포츠_레져","mobile","2018","4"
"608","2018-04-01",44.46182,"m","스포츠_레져","mobile","2018","4"
"609","2018-05-01",34.56067,"f","스포츠_레져","mobile","2018","5"
"610","2018-05-01",50.99068,"m","스포츠_레져","mobile","2018","5"
"611","2018-06-01",38.50925,"f","스포츠_레져","mobile","2018","6"
"612","2018-06-01",52.34492,"m","스포츠_레져","mobile","2018","6"
"613","2018-07-01",47.83838,"f","스포츠_레져","mobile","2018","7"
"614","2018-07-01",55.14277,"m","스포츠_레져","mobile","2018","7"
"615","2018-08-01",39.5305,"f","스포츠_레져","mobile","2018","8"
"616","2018-08-01",49.72971,"m","스포츠_레져","mobile","2018","8"
"617","2018-09-01",29.76719,"f","스포츠_레져","mobile","2018","9"
"618","2018-09-01",49.66637,"m","스포츠_레져","mobile","2018","9"
"619","2018-10-01",40.70546,"f","스포츠_레져","mobile","2018","10"
"620","2018-10-01",60.76749,"m","스포츠_레져","mobile","2018","10"
"621","2018-11-01",39.5378,"f","스포츠_레져","mobile","2018","11"
"622","2018-11-01",53.80748,"m","스포츠_레져","mobile","2018","11"
"623","2018-12-01",41.56373,"f","스포츠_레져","mobile","2018","12"
"624","2018-12-01",50.69166,"m","스포츠_레져","mobile","2018","12"
"625","2019-01-01",30.16913,"f","스포츠_레져","mobile","2019","1"
"626","2019-01-01",40.4574,"m","스포츠_레져","mobile","2019","1"
"627","2019-02-01",23.20968,"f","스포츠_레져","mobile","2019","2"
"628","2019-02-01",35.17296,"m","스포츠_레져","mobile","2019","2"
"629","2019-03-01",27.49483,"f","스포츠_레져","mobile","2019","3"
"630","2019-03-01",44.32255,"m","스포츠_레져","mobile","2019","3"
"631","2019-04-01",29.8637,"f","스포츠_레져","mobile","2019","4"
"632","2019-04-01",45.79059,"m","스포츠_레져","mobile","2019","4"
"633","2019-05-01",37.23811,"f","스포츠_레져","mobile","2019","5"
"634","2019-05-01",55.41757,"m","스포츠_레져","mobile","2019","5"
"635","2019-06-01",41.46659,"f","스포츠_레져","mobile","2019","6"
"636","2019-06-01",60.21433,"m","스포츠_레져","mobile","2019","6"
"637","2019-07-01",52.77781,"f","스포츠_레져","mobile","2019","7"
"638","2019-07-01",67.0084,"m","스포츠_레져","mobile","2019","7"
"639","2019-08-01",49.60594,"f","스포츠_레져","mobile","2019","8"
"640","2019-08-01",63.70714,"m","스포츠_레져","mobile","2019","8"
"641","2019-09-01",42.58681,"f","스포츠_레져","mobile","2019","9"
"642","2019-09-01",65.51807,"m","스포츠_레져","mobile","2019","9"
"643","2019-10-01",49.67749,"f","스포츠_레져","mobile","2019","10"
"644","2019-10-01",72.90106,"m","스포츠_레져","mobile","2019","10"
"645","2019-11-01",54.76444,"f","스포츠_레져","mobile","2019","11"
"646","2019-11-01",71.03139,"m","스포츠_레져","mobile","2019","11"
"647","2019-12-01",45.39519,"f","스포츠_레져","mobile","2019","12"
"648","2019-12-01",58.34066,"m","스포츠_레져","mobile","2019","12"
"649","2020-01-01",33.52327,"f","스포츠_레져","mobile","2020","1"
"650","2020-01-01",48.03465,"m","스포츠_레져","mobile","2020","1"
"651","2020-02-01",29.43865,"f","스포츠_레져","mobile","2020","2"
"652","2020-02-01",48.38632,"m","스포츠_레져","mobile","2020","2"
"653","2020-03-01",37.3429,"f","스포츠_레져","mobile","2020","3"
"654","2020-03-01",66.14358,"m","스포츠_레져","mobile","2020","3"
"655","2020-04-01",49.08116,"f","스포츠_레져","mobile","2020","4"
"656","2020-04-01",82.95002,"m","스포츠_레져","mobile","2020","4"
"657","2020-05-01",59.56286,"f","스포츠_레져","mobile","2020","5"
"658","2020-05-01",97.49421,"m","스포츠_레져","mobile","2020","5"
"659","2020-06-01",57.08764,"f","스포츠_레져","mobile","2020","6"
"660","2020-06-01",92.14445,"m","스포츠_레져","mobile","2020","6"
"661","2020-07-01",58.20279,"f","스포츠_레져","mobile","2020","7"
"662","2020-07-01",89.31806,"m","스포츠_레져","mobile","2020","7"
"663","2020-08-01",48.74828,"f","스포츠_레져","mobile","2020","8"
"664","2020-08-01",76.05669,"m","스포츠_레져","mobile","2020","8"
"665","2020-09-01",47.86017,"f","스포츠_레져","mobile","2020","9"
"666","2020-09-01",83.93865,"m","스포츠_레져","mobile","2020","9"
"667","2020-10-01",66.20238,"f","스포츠_레져","mobile","2020","10"
"668","2020-10-01",100,"m","스포츠_레져","mobile","2020","10"
"669","2020-11-01",61.05852,"f","스포츠_레져","mobile","2020","11"
"670","2020-11-01",83.84302,"m","스포츠_레져","mobile","2020","11"
"671","2020-12-01",53.19086,"f","스포츠_레져","mobile","2020","12"
"672","2020-12-01",77.35525,"m","스포츠_레져","mobile","2020","12"
"673","2018-01-01",42.38814,"f","식품","mobile","2018","1"
"674","2018-01-01",15.53945,"m","식품","mobile","2018","1"
"675","2018-02-01",39.07484,"f","식품","mobile","2018","2"
"676","2018-02-01",14.69815,"m","식품","mobile","2018","2"
"677","2018-03-01",37.56205,"f","식품","mobile","2018","3"
"678","2018-03-01",14.91154,"m","식품","mobile","2018","3"
"679","2018-04-01",37.82265,"f","식품","mobile","2018","4"
"680","2018-04-01",14.38956,"m","식품","mobile","2018","4"
"681","2018-05-01",38.62135,"f","식품","mobile","2018","5"
"682","2018-05-01",14.95855,"m","식품","mobile","2018","5"
"683","2018-06-01",37.82665,"f","식품","mobile","2018","6"
"684","2018-06-01",14.52775,"m","식품","mobile","2018","6"
"685","2018-07-01",37.53359,"f","식품","mobile","2018","7"
"686","2018-07-01",15.1973,"m","식품","mobile","2018","7"
"687","2018-08-01",40.68563,"f","식품","mobile","2018","8"
"688","2018-08-01",15.90078,"m","식품","mobile","2018","8"
"689","2018-09-01",42.6686,"f","식품","mobile","2018","9"
"690","2018-09-01",17.69152,"m","식품","mobile","2018","9"
"691","2018-10-01",40.99985,"f","식품","mobile","2018","10"
"692","2018-10-01",16.71799,"m","식품","mobile","2018","10"
"693","2018-11-01",40.27335,"f","식품","mobile","2018","11"
"694","2018-11-01",16.38434,"m","식품","mobile","2018","11"
"695","2018-12-01",40.71334,"f","식품","mobile","2018","12"
"696","2018-12-01",16.7451,"m","식품","mobile","2018","12"
"697","2019-01-01",53.11879,"f","식품","mobile","2019","1"
"698","2019-01-01",21.3614,"m","식품","mobile","2019","1"
"699","2019-02-01",43.00021,"f","식품","mobile","2019","2"
"700","2019-02-01",17.27962,"m","식품","mobile","2019","2"
"701","2019-03-01",46.87019,"f","식품","mobile","2019","3"
"702","2019-03-01",19.71986,"m","식품","mobile","2019","3"
"703","2019-04-01",43.0678,"f","식품","mobile","2019","4"
"704","2019-04-01",17.70988,"m","식품","mobile","2019","4"
"705","2019-05-01",46.56573,"f","식품","mobile","2019","5"
"706","2019-05-01",19.21335,"m","식품","mobile","2019","5"
"707","2019-06-01",50.9165,"f","식품","mobile","2019","6"
"708","2019-06-01",20.6151,"m","식품","mobile","2019","6"
"709","2019-07-01",50.84515,"f","식품","mobile","2019","7"
"710","2019-07-01",21.0975,"m","식품","mobile","2019","7"
"711","2019-08-01",54.33755,"f","식품","mobile","2019","8"
"712","2019-08-01",21.85289,"m","식품","mobile","2019","8"
"713","2019-09-01",57.35672,"f","식품","mobile","2019","9"
"714","2019-09-01",23.57333,"m","식품","mobile","2019","9"
"715","2019-10-01",57.73662,"f","식품","mobile","2019","10"
"716","2019-10-01",23.08127,"m","식품","mobile","2019","10"
"717","2019-11-01",56.44637,"f","식품","mobile","2019","11"
"718","2019-11-01",23.65126,"m","식품","mobile","2019","11"
"719","2019-12-01",57.10617,"f","식품","mobile","2019","12"
"720","2019-12-01",23.83132,"m","식품","mobile","2019","12"
"721","2020-01-01",66.39504,"f","식품","mobile","2020","1"
"722","2020-01-01",27.05502,"m","식품","mobile","2020","1"
"723","2020-02-01",75.30169,"f","식품","mobile","2020","2"
"724","2020-02-01",26.69392,"m","식품","mobile","2020","2"
"725","2020-03-01",94.73661,"f","식품","mobile","2020","3"
"726","2020-03-01",32.94014,"m","식품","mobile","2020","3"
"727","2020-04-01",84.51852,"f","식품","mobile","2020","4"
"728","2020-04-01",30.34581,"m","식품","mobile","2020","4"
"729","2020-05-01",73.53901,"f","식품","mobile","2020","5"
"730","2020-05-01",28.53985,"m","식품","mobile","2020","5"
"731","2020-06-01",70.32573,"f","식품","mobile","2020","6"
"732","2020-06-01",27.27317,"m","식품","mobile","2020","6"
"733","2020-07-01",71.44202,"f","식품","mobile","2020","7"
"734","2020-07-01",27.62191,"m","식품","mobile","2020","7"
"735","2020-08-01",76.73178,"f","식품","mobile","2020","8"
"736","2020-08-01",28.17202,"m","식품","mobile","2020","8"
"737","2020-09-01",93.91819,"f","식품","mobile","2020","9"
"738","2020-09-01",34.26364,"m","식품","mobile","2020","9"
"739","2020-10-01",78.13639,"f","식품","mobile","2020","10"
"740","2020-10-01",30.0714,"m","식품","mobile","2020","10"
"741","2020-11-01",78.73236,"f","식품","mobile","2020","11"
"742","2020-11-01",30.2216,"m","식품","mobile","2020","11"
"743","2020-12-01",100,"f","식품","mobile","2020","12"
"744","2020-12-01",36.45961,"m","식품","mobile","2020","12"
"745","2020-02-01",11.61302,"f","여가_생활편의","mobile","2020","2"
"746","2020-02-01",6.73955,"m","여가_생활편의","mobile","2020","2"
"747","2020-03-01",32.98014,"f","여가_생활편의","mobile","2020","3"
"748","2020-03-01",17.45548,"m","여가_생활편의","mobile","2020","3"
"749","2020-04-01",42.24157,"f","여가_생활편의","mobile","2020","4"
"750","2020-04-01",21.48957,"m","여가_생활편의","mobile","2020","4"
"751","2020-05-01",45.86452,"f","여가_생활편의","mobile","2020","5"
"752","2020-05-01",23.40781,"m","여가_생활편의","mobile","2020","5"
"753","2020-06-01",56.68064,"f","여가_생활편의","mobile","2020","6"
"754","2020-06-01",27.23368,"m","여가_생활편의","mobile","2020","6"
"755","2020-07-01",100,"f","여가_생활편의","mobile","2020","7"
"756","2020-07-01",42.60826,"m","여가_생활편의","mobile","2020","7"
"757","2020-08-01",88.57404,"f","여가_생활편의","mobile","2020","8"
"758","2020-08-01",40.17025,"m","여가_생활편의","mobile","2020","8"
"759","2020-09-01",37.73316,"f","여가_생활편의","mobile","2020","9"
"760","2020-09-01",19.54891,"m","여가_생활편의","mobile","2020","9"
"761","2020-10-01",58.84147,"f","여가_생활편의","mobile","2020","10"
"762","2020-10-01",27.66883,"m","여가_생활편의","mobile","2020","10"
"763","2020-11-01",54.20595,"f","여가_생활편의","mobile","2020","11"
"764","2020-11-01",25.3921,"m","여가_생활편의","mobile","2020","11"
"765","2020-12-01",31.01417,"f","여가_생활편의","mobile","2020","12"
"766","2020-12-01",18.45772,"m","여가_생활편의","mobile","2020","12"
"767","2018-01-01",50.58235,"f","출산_육아","mobile","2018","1"
"768","2018-01-01",9.89145,"m","출산_육아","mobile","2018","1"
"769","2018-02-01",46.11276,"f","출산_육아","mobile","2018","2"
"770","2018-02-01",9.39137,"m","출산_육아","mobile","2018","2"
"771","2018-03-01",55.15208,"f","출산_육아","mobile","2018","3"
"772","2018-03-01",10.44871,"m","출산_육아","mobile","2018","3"
"773","2018-04-01",51.81232,"f","출산_육아","mobile","2018","4"
"774","2018-04-01",9.99927,"m","출산_육아","mobile","2018","4"
"775","2018-05-01",51.26017,"f","출산_육아","mobile","2018","5"
"776","2018-05-01",10.18497,"m","출산_육아","mobile","2018","5"
"777","2018-06-01",47.66476,"f","출산_육아","mobile","2018","6"
"778","2018-06-01",8.86638,"m","출산_육아","mobile","2018","6"
"779","2018-07-01",48.34995,"f","출산_육아","mobile","2018","7"
"780","2018-07-01",9.55753,"m","출산_육아","mobile","2018","7"
"781","2018-08-01",42.86317,"f","출산_육아","mobile","2018","8"
"782","2018-08-01",8.99795,"m","출산_육아","mobile","2018","8"
"783","2018-09-01",42.52434,"f","출산_육아","mobile","2018","9"
"784","2018-09-01",8.83684,"m","출산_육아","mobile","2018","9"
"785","2018-10-01",47.06666,"f","출산_육아","mobile","2018","10"
"786","2018-10-01",8.95087,"m","출산_육아","mobile","2018","10"
"787","2018-11-01",47.27149,"f","출산_육아","mobile","2018","11"
"788","2018-11-01",8.66457,"m","출산_육아","mobile","2018","11"
"789","2018-12-01",63.21913,"f","출산_육아","mobile","2018","12"
"790","2018-12-01",12.77463,"m","출산_육아","mobile","2018","12"
"791","2019-01-01",47.72316,"f","출산_육아","mobile","2019","1"
"792","2019-01-01",9.52077,"m","출산_육아","mobile","2019","1"
"793","2019-02-01",45.40515,"f","출산_육아","mobile","2019","2"
"794","2019-02-01",9.26921,"m","출산_육아","mobile","2019","2"
"795","2019-03-01",62.92311,"f","출산_육아","mobile","2019","3"
"796","2019-03-01",10.963,"m","출산_육아","mobile","2019","3"
"797","2019-04-01",62.00848,"f","출산_육아","mobile","2019","4"
"798","2019-04-01",10.85032,"m","출산_육아","mobile","2019","4"
"799","2019-05-01",64.06339,"f","출산_육아","mobile","2019","5"
"800","2019-05-01",11.17255,"m","출산_육아","mobile","2019","5"
"801","2019-06-01",58.88129,"f","출산_육아","mobile","2019","6"
"802","2019-06-01",10.3323,"m","출산_육아","mobile","2019","6"
"803","2019-07-01",62.74349,"f","출산_육아","mobile","2019","7"
"804","2019-07-01",11.21042,"m","출산_육아","mobile","2019","7"
"805","2019-08-01",62.20295,"f","출산_육아","mobile","2019","8"
"806","2019-08-01",11.19059,"m","출산_육아","mobile","2019","8"
"807","2019-09-01",72.12693,"f","출산_육아","mobile","2019","9"
"808","2019-09-01",12.00595,"m","출산_육아","mobile","2019","9"
"809","2019-10-01",80.26138,"f","출산_육아","mobile","2019","10"
"810","2019-10-01",12.72018,"m","출산_육아","mobile","2019","10"
"811","2019-11-01",87.39175,"f","출산_육아","mobile","2019","11"
"812","2019-11-01",13.48717,"m","출산_육아","mobile","2019","11"
"813","2019-12-01",92.10484,"f","출산_육아","mobile","2019","12"
"814","2019-12-01",16.50517,"m","출산_육아","mobile","2019","12"
"815","2020-01-01",71.70249,"f","출산_육아","mobile","2020","1"
"816","2020-01-01",12.6709,"m","출산_육아","mobile","2020","1"
"817","2020-02-01",83.03179,"f","출산_육아","mobile","2020","2"
"818","2020-02-01",14.20915,"m","출산_육아","mobile","2020","2"
"819","2020-03-01",90.29676,"f","출산_육아","mobile","2020","3"
"820","2020-03-01",16.27804,"m","출산_육아","mobile","2020","3"
"821","2020-04-01",85.99759,"f","출산_육아","mobile","2020","4"
"822","2020-04-01",16.41147,"m","출산_육아","mobile","2020","4"
"823","2020-05-01",91.95012,"f","출산_육아","mobile","2020","5"
"824","2020-05-01",16.54423,"m","출산_육아","mobile","2020","5"
"825","2020-06-01",80.20353,"f","출산_육아","mobile","2020","6"
"826","2020-06-01",13.40017,"m","출산_육아","mobile","2020","6"
"827","2020-07-01",68.17965,"f","출산_육아","mobile","2020","7"
"828","2020-07-01",12.30528,"m","출산_육아","mobile","2020","7"
"829","2020-08-01",62.54542,"f","출산_육아","mobile","2020","8"
"830","2020-08-01",12.4204,"m","출산_육아","mobile","2020","8"
"831","2020-09-01",75.2079,"f","출산_육아","mobile","2020","9"
"832","2020-09-01",12.92218,"m","출산_육아","mobile","2020","9"
"833","2020-10-01",90.72292,"f","출산_육아","mobile","2020","10"
"834","2020-10-01",14.59777,"m","출산_육아","mobile","2020","10"
"835","2020-11-01",86.96326,"f","출산_육아","mobile","2020","11"
"836","2020-11-01",14.07815,"m","출산_육아","mobile","2020","11"
"837","2020-12-01",100,"f","출산_육아","mobile","2020","12"
"838","2020-12-01",19.78356,"m","출산_육아","mobile","2020","12"
"839","2018-01-01",69.2648,"f","패션잡화","mobile","2018","1"
"840","2018-01-01",27.25782,"m","패션잡화","mobile","2018","1"
"841","2018-02-01",67.0783,"f","패션잡화","mobile","2018","2"
"842","2018-02-01",27.01253,"m","패션잡화","mobile","2018","2"
"843","2018-03-01",74.78053,"f","패션잡화","mobile","2018","3"
"844","2018-03-01",29.84169,"m","패션잡화","mobile","2018","3"
"845","2018-04-01",66.85543,"f","패션잡화","mobile","2018","4"
"846","2018-04-01",27.3739,"m","패션잡화","mobile","2018","4"
"847","2018-05-01",69.5807,"f","패션잡화","mobile","2018","5"
"848","2018-05-01",28.62199,"m","패션잡화","mobile","2018","5"
"849","2018-06-01",71.77295,"f","패션잡화","mobile","2018","6"
"850","2018-06-01",28.68114,"m","패션잡화","mobile","2018","6"
"851","2018-07-01",68.59856,"f","패션잡화","mobile","2018","7"
"852","2018-07-01",29.72698,"m","패션잡화","mobile","2018","7"
"853","2018-08-01",64.30566,"f","패션잡화","mobile","2018","8"
"854","2018-08-01",28.0915,"m","패션잡화","mobile","2018","8"
"855","2018-09-01",65.34166,"f","패션잡화","mobile","2018","9"
"856","2018-09-01",27.69025,"m","패션잡화","mobile","2018","9"
"857","2018-10-01",67.78913,"f","패션잡화","mobile","2018","10"
"858","2018-10-01",27.47731,"m","패션잡화","mobile","2018","10"
"859","2018-11-01",65.86923,"f","패션잡화","mobile","2018","11"
"860","2018-11-01",26.91212,"m","패션잡화","mobile","2018","11"
"861","2018-12-01",75.10111,"f","패션잡화","mobile","2018","12"
"862","2018-12-01",30.54515,"m","패션잡화","mobile","2018","12"
"863","2019-01-01",66.12153,"f","패션잡화","mobile","2019","1"
"864","2019-01-01",27.68858,"m","패션잡화","mobile","2019","1"
"865","2019-02-01",66.92675,"f","패션잡화","mobile","2019","2"
"866","2019-02-01",27.67509,"m","패션잡화","mobile","2019","2"
"867","2019-03-01",69.59794,"f","패션잡화","mobile","2019","3"
"868","2019-03-01",29.4598,"m","패션잡화","mobile","2019","3"
"869","2019-04-01",64.62779,"f","패션잡화","mobile","2019","4"
"870","2019-04-01",27.66994,"m","패션잡화","mobile","2019","4"
"871","2019-05-01",74.83512,"f","패션잡화","mobile","2019","5"
"872","2019-05-01",31.93786,"m","패션잡화","mobile","2019","5"
"873","2019-06-01",77.79261,"f","패션잡화","mobile","2019","6"
"874","2019-06-01",32.97347,"m","패션잡화","mobile","2019","6"
"875","2019-07-01",82.8949,"f","패션잡화","mobile","2019","7"
"876","2019-07-01",36.29515,"m","패션잡화","mobile","2019","7"
"877","2019-08-01",81.33986,"f","패션잡화","mobile","2019","8"
"878","2019-08-01",35.13618,"m","패션잡화","mobile","2019","8"
"879","2019-09-01",85.76757,"f","패션잡화","mobile","2019","9"
"880","2019-09-01",35.49914,"m","패션잡화","mobile","2019","9"
"881","2019-10-01",85.36187,"f","패션잡화","mobile","2019","10"
"882","2019-10-01",34.21837,"m","패션잡화","mobile","2019","10"
"883","2019-11-01",85.06802,"f","패션잡화","mobile","2019","11"
"884","2019-11-01",34.16446,"m","패션잡화","mobile","2019","11"
"885","2019-12-01",86.8454,"f","패션잡화","mobile","2019","12"
"886","2019-12-01",35.85879,"m","패션잡화","mobile","2019","12"
"887","2020-01-01",81.77833,"f","패션잡화","mobile","2020","1"
"888","2020-01-01",35.46826,"m","패션잡화","mobile","2020","1"
"889","2020-02-01",84.70632,"f","패션잡화","mobile","2020","2"
"890","2020-02-01",35.20373,"m","패션잡화","mobile","2020","2"
"891","2020-03-01",89.63609,"f","패션잡화","mobile","2020","3"
"892","2020-03-01",37.11059,"m","패션잡화","mobile","2020","3"
"893","2020-04-01",87.5107,"f","패션잡화","mobile","2020","4"
"894","2020-04-01",36.27831,"m","패션잡화","mobile","2020","4"
"895","2020-05-01",100,"f","패션잡화","mobile","2020","5"
"896","2020-05-01",40.93836,"m","패션잡화","mobile","2020","5"
"897","2020-06-01",96.3138,"f","패션잡화","mobile","2020","6"
"898","2020-06-01",38.16315,"m","패션잡화","mobile","2020","6"
"899","2020-07-01",88.38956,"f","패션잡화","mobile","2020","7"
"900","2020-07-01",35.57987,"m","패션잡화","mobile","2020","7"
"901","2020-08-01",77.71867,"f","패션잡화","mobile","2020","8"
"902","2020-08-01",32.92142,"m","패션잡화","mobile","2020","8"
"903","2020-09-01",73.44065,"f","패션잡화","mobile","2020","9"
"904","2020-09-01",29.86091,"m","패션잡화","mobile","2020","9"
"905","2020-10-01",82.93546,"f","패션잡화","mobile","2020","10"
"906","2020-10-01",32.07765,"m","패션잡화","mobile","2020","10"
"907","2020-11-01",86.9566,"f","패션잡화","mobile","2020","11"
"908","2020-11-01",33.11143,"m","패션잡화","mobile","2020","11"
"909","2020-12-01",91.0339,"f","패션잡화","mobile","2020","12"
"910","2020-12-01",37.01944,"m","패션잡화","mobile","2020","12"
"911","2018-01-01",72.30074,"f","화장품_미용","mobile","2018","1"
"912","2018-01-01",12.59412,"m","화장품_미용","mobile","2018","1"
"913","2018-02-01",67.25201,"f","화장품_미용","mobile","2018","2"
"914","2018-02-01",12.09609,"m","화장품_미용","mobile","2018","2"
"915","2018-03-01",66.50368,"f","화장품_미용","mobile","2018","3"
"916","2018-03-01",12.71479,"m","화장품_미용","mobile","2018","3"
"917","2018-04-01",64.77731,"f","화장품_미용","mobile","2018","4"
"918","2018-04-01",12.21227,"m","화장품_미용","mobile","2018","4"
"919","2018-05-01",66.54626,"f","화장품_미용","mobile","2018","5"
"920","2018-05-01",12.84025,"m","화장품_미용","mobile","2018","5"
"921","2018-06-01",64.26908,"f","화장품_미용","mobile","2018","6"
"922","2018-06-01",12.37627,"m","화장품_미용","mobile","2018","6"
"923","2018-07-01",62.75454,"f","화장품_미용","mobile","2018","7"
"924","2018-07-01",12.34122,"m","화장품_미용","mobile","2018","7"
"925","2018-08-01",65.04863,"f","화장품_미용","mobile","2018","8"
"926","2018-08-01",12.37201,"m","화장품_미용","mobile","2018","8"
"927","2018-09-01",62.08447,"f","화장품_미용","mobile","2018","9"
"928","2018-09-01",12.05173,"m","화장품_미용","mobile","2018","9"
"929","2018-10-01",68.03431,"f","화장품_미용","mobile","2018","10"
"930","2018-10-01",13.48248,"m","화장품_미용","mobile","2018","10"
"931","2018-11-01",66.87982,"f","화장품_미용","mobile","2018","11"
"932","2018-11-01",13.05706,"m","화장품_미용","mobile","2018","11"
"933","2018-12-01",73.56313,"f","화장품_미용","mobile","2018","12"
"934","2018-12-01",14.18855,"m","화장품_미용","mobile","2018","12"
"935","2019-01-01",81.55054,"f","화장품_미용","mobile","2019","1"
"936","2019-01-01",14.95502,"m","화장품_미용","mobile","2019","1"
"937","2019-02-01",74.56563,"f","화장품_미용","mobile","2019","2"
"938","2019-02-01",14.11671,"m","화장품_미용","mobile","2019","2"
"939","2019-03-01",74.17211,"f","화장품_미용","mobile","2019","3"
"940","2019-03-01",15.00323,"m","화장품_미용","mobile","2019","3"
"941","2019-04-01",67.62408,"f","화장품_미용","mobile","2019","4"
"942","2019-04-01",13.64284,"m","화장품_미용","mobile","2019","4"
"943","2019-05-01",75.26762,"f","화장품_미용","mobile","2019","5"
"944","2019-05-01",15.1729,"m","화장품_미용","mobile","2019","5"
"945","2019-06-01",79.56875,"f","화장품_미용","mobile","2019","6"
"946","2019-06-01",15.91924,"m","화장품_미용","mobile","2019","6"
"947","2019-07-01",81.78367,"f","화장품_미용","mobile","2019","7"
"948","2019-07-01",16.38505,"m","화장품_미용","mobile","2019","7"
"949","2019-08-01",82.76433,"f","화장품_미용","mobile","2019","8"
"950","2019-08-01",16.35729,"m","화장품_미용","mobile","2019","8"
"951","2019-09-01",79.31968,"f","화장품_미용","mobile","2019","9"
"952","2019-09-01",15.646,"m","화장품_미용","mobile","2019","9"
"953","2019-10-01",83.50556,"f","화장품_미용","mobile","2019","10"
"954","2019-10-01",16.6582,"m","화장품_미용","mobile","2019","10"
"955","2019-11-01",84.02024,"f","화장품_미용","mobile","2019","11"
"956","2019-11-01",17.04946,"m","화장품_미용","mobile","2019","11"
"957","2019-12-01",89.82716,"f","화장품_미용","mobile","2019","12"
"958","2019-12-01",17.78948,"m","화장품_미용","mobile","2019","12"
"959","2020-01-01",98.16208,"f","화장품_미용","mobile","2020","1"
"960","2020-01-01",18.15155,"m","화장품_미용","mobile","2020","1"
"961","2020-02-01",99.3648,"f","화장품_미용","mobile","2020","2"
"962","2020-02-01",18.1432,"m","화장품_미용","mobile","2020","2"
"963","2020-03-01",100,"f","화장품_미용","mobile","2020","3"
"964","2020-03-01",19.20461,"m","화장품_미용","mobile","2020","3"
"965","2020-04-01",89.95054,"f","화장품_미용","mobile","2020","4"
"966","2020-04-01",17.6246,"m","화장품_미용","mobile","2020","4"
"967","2020-05-01",88.74462,"f","화장품_미용","mobile","2020","5"
"968","2020-05-01",18.03973,"m","화장품_미용","mobile","2020","5"
"969","2020-06-01",81.45749,"f","화장품_미용","mobile","2020","6"
"970","2020-06-01",16.79425,"m","화장품_미용","mobile","2020","6"
"971","2020-07-01",80.95578,"f","화장품_미용","mobile","2020","7"
"972","2020-07-01",15.99324,"m","화장품_미용","mobile","2020","7"
"973","2020-08-01",83.11332,"f","화장품_미용","mobile","2020","8"
"974","2020-08-01",15.6894,"m","화장품_미용","mobile","2020","8"
"975","2020-09-01",80.12303,"f","화장품_미용","mobile","2020","9"
"976","2020-09-01",14.98677,"m","화장품_미용","mobile","2020","9"
"977","2020-10-01",84.09102,"f","화장품_미용","mobile","2020","10"
"978","2020-10-01",16.29601,"m","화장품_미용","mobile","2020","10"
"979","2020-11-01",83.72246,"f","화장품_미용","mobile","2020","11"
"980","2020-11-01",16.66505,"m","화장품_미용","mobile","2020","11"
"981","2020-12-01",97.68934,"f","화장품_미용","mobile","2020","12"
"982","2020-12-01",18.99652,"m","화장품_미용","mobile","2020","12"
"983","2018-01-01",58.64568,"f","가구_인테리어","pc","2018","1"
"984","2018-01-01",64.55799,"m","가구_인테리어","pc","2018","1"
"985","2018-02-01",49.76878,"f","가구_인테리어","pc","2018","2"
"986","2018-02-01",55.34662,"m","가구_인테리어","pc","2018","2"
"987","2018-03-01",61.378,"f","가구_인테리어","pc","2018","3"
"988","2018-03-01",69.04825,"m","가구_인테리어","pc","2018","3"
"989","2018-04-01",56.3127,"f","가구_인테리어","pc","2018","4"
"990","2018-04-01",63.3463,"m","가구_인테리어","pc","2018","4"
"991","2018-05-01",55.31941,"f","가구_인테리어","pc","2018","5"
"992","2018-05-01",61.792,"m","가구_인테리어","pc","2018","5"
"993","2018-06-01",51.9233,"f","가구_인테리어","pc","2018","6"
"994","2018-06-01",56.7118,"m","가구_인테리어","pc","2018","6"
"995","2018-07-01",54.02791,"f","가구_인테리어","pc","2018","7"
"996","2018-07-01",62.1458,"m","가구_인테리어","pc","2018","7"
"997","2018-08-01",55.46447,"f","가구_인테리어","pc","2018","8"
"998","2018-08-01",62.9881,"m","가구_인테리어","pc","2018","8"
"999","2018-09-01",50.9542,"f","가구_인테리어","pc","2018","9"
"1000","2018-09-01",56.93063,"m","가구_인테리어","pc","2018","9"
"1001","2018-10-01",66.21159,"f","가구_인테리어","pc","2018","10"
"1002","2018-10-01",75.62769,"m","가구_인테리어","pc","2018","10"
"1003","2018-11-01",63.67,"f","가구_인테리어","pc","2018","11"
"1004","2018-11-01",68.51626,"m","가구_인테리어","pc","2018","11"
"1005","2018-12-01",58.47514,"f","가구_인테리어","pc","2018","12"
"1006","2018-12-01",66.56013,"m","가구_인테리어","pc","2018","12"
"1007","2019-01-01",63.60208,"f","가구_인테리어","pc","2019","1"
"1008","2019-01-01",76.74801,"m","가구_인테리어","pc","2019","1"
"1009","2019-02-01",55.28822,"f","가구_인테리어","pc","2019","2"
"1010","2019-02-01",71.18105,"m","가구_인테리어","pc","2019","2"
"1011","2019-03-01",63.52863,"f","가구_인테리어","pc","2019","3"
"1012","2019-03-01",81.36356,"m","가구_인테리어","pc","2019","3"
"1013","2019-04-01",59.1077,"f","가구_인테리어","pc","2019","4"
"1014","2019-04-01",69.72486,"m","가구_인테리어","pc","2019","4"
"1015","2019-05-01",59.82121,"f","가구_인테리어","pc","2019","5"
"1016","2019-05-01",68.23064,"m","가구_인테리어","pc","2019","5"
"1017","2019-06-01",58.4719,"f","가구_인테리어","pc","2019","6"
"1018","2019-06-01",67.71197,"m","가구_인테리어","pc","2019","6"
"1019","2019-07-01",62.40505,"f","가구_인테리어","pc","2019","7"
"1020","2019-07-01",73.19815,"m","가구_인테리어","pc","2019","7"
"1021","2019-08-01",56.86892,"f","가구_인테리어","pc","2019","8"
"1022","2019-08-01",65.84638,"m","가구_인테리어","pc","2019","8"
"1023","2019-09-01",57.34719,"f","가구_인테리어","pc","2019","9"
"1024","2019-09-01",65.1583,"m","가구_인테리어","pc","2019","9"
"1025","2019-10-01",64.66899,"f","가구_인테리어","pc","2019","10"
"1026","2019-10-01",73.37815,"m","가구_인테리어","pc","2019","10"
"1027","2019-11-01",65.38792,"f","가구_인테리어","pc","2019","11"
"1028","2019-11-01",72.7504,"m","가구_인테리어","pc","2019","11"
"1029","2019-12-01",59.52627,"f","가구_인테리어","pc","2019","12"
"1030","2019-12-01",70.68664,"m","가구_인테리어","pc","2019","12"
"1031","2020-01-01",51.58244,"f","가구_인테리어","pc","2020","1"
"1032","2020-01-01",66.4937,"m","가구_인테리어","pc","2020","1"
"1033","2020-02-01",62.9507,"f","가구_인테리어","pc","2020","2"
"1034","2020-02-01",74.58802,"m","가구_인테리어","pc","2020","2"
"1035","2020-03-01",80.75316,"f","가구_인테리어","pc","2020","3"
"1036","2020-03-01",90.20947,"m","가구_인테리어","pc","2020","3"
"1037","2020-04-01",80.74283,"f","가구_인테리어","pc","2020","4"
"1038","2020-04-01",91.36622,"m","가구_인테리어","pc","2020","4"
"1039","2020-05-01",77.37652,"f","가구_인테리어","pc","2020","5"
"1040","2020-05-01",89.18261,"m","가구_인테리어","pc","2020","5"
"1041","2020-06-01",73.94337,"f","가구_인테리어","pc","2020","6"
"1042","2020-06-01",82.65147,"m","가구_인테리어","pc","2020","6"
"1043","2020-07-01",68.84718,"f","가구_인테리어","pc","2020","7"
"1044","2020-07-01",78.24189,"m","가구_인테리어","pc","2020","7"
"1045","2020-08-01",66.18414,"f","가구_인테리어","pc","2020","8"
"1046","2020-08-01",76.22863,"m","가구_인테리어","pc","2020","8"
"1047","2020-09-01",77.59489,"f","가구_인테리어","pc","2020","9"
"1048","2020-09-01",83.83762,"m","가구_인테리어","pc","2020","9"
"1049","2020-10-01",71.83847,"f","가구_인테리어","pc","2020","10"
"1050","2020-10-01",82.41376,"m","가구_인테리어","pc","2020","10"
"1051","2020-11-01",77.66156,"f","가구_인테리어","pc","2020","11"
"1052","2020-11-01",85.99365,"m","가구_인테리어","pc","2020","11"
"1053","2020-12-01",90.26787,"f","가구_인테리어","pc","2020","12"
"1054","2020-12-01",100,"m","가구_인테리어","pc","2020","12"
"1055","2018-01-01",19.10165,"f","디지털_가전","pc","2018","1"
"1056","2018-01-01",67.66657,"m","디지털_가전","pc","2018","1"
"1057","2018-02-01",15.54195,"f","디지털_가전","pc","2018","2"
"1058","2018-02-01",55.92168,"m","디지털_가전","pc","2018","2"
"1059","2018-03-01",18.44168,"f","디지털_가전","pc","2018","3"
"1060","2018-03-01",64.7791,"m","디지털_가전","pc","2018","3"
"1061","2018-04-01",17.48971,"f","디지털_가전","pc","2018","4"
"1062","2018-04-01",59.56609,"m","디지털_가전","pc","2018","4"
"1063","2018-05-01",18.0302,"f","디지털_가전","pc","2018","5"
"1064","2018-05-01",60.21408,"m","디지털_가전","pc","2018","5"
"1065","2018-06-01",16.66594,"f","디지털_가전","pc","2018","6"
"1066","2018-06-01",55.56212,"m","디지털_가전","pc","2018","6"
"1067","2018-07-01",19.57952,"f","디지털_가전","pc","2018","7"
"1068","2018-07-01",65.78841,"m","디지털_가전","pc","2018","7"
"1069","2018-08-01",18.25946,"f","디지털_가전","pc","2018","8"
"1070","2018-08-01",65.04738,"m","디지털_가전","pc","2018","8"
"1071","2018-09-01",15.15417,"f","디지털_가전","pc","2018","9"
"1072","2018-09-01",67.31775,"m","디지털_가전","pc","2018","9"
"1073","2018-10-01",19.48002,"f","디지털_가전","pc","2018","10"
"1074","2018-10-01",86.67809,"m","디지털_가전","pc","2018","10"
"1075","2018-11-01",20.22139,"f","디지털_가전","pc","2018","11"
"1076","2018-11-01",100,"m","디지털_가전","pc","2018","11"
"1077","2018-12-01",18.13796,"f","디지털_가전","pc","2018","12"
"1078","2018-12-01",98.76605,"m","디지털_가전","pc","2018","12"
"1079","2019-01-01",20.0323,"f","디지털_가전","pc","2019","1"
"1080","2019-01-01",87.48117,"m","디지털_가전","pc","2019","1"
"1081","2019-02-01",16.92326,"f","디지털_가전","pc","2019","2"
"1082","2019-02-01",71.51411,"m","디지털_가전","pc","2019","2"
"1083","2019-03-01",20.81797,"f","디지털_가전","pc","2019","3"
"1084","2019-03-01",81.56592,"m","디지털_가전","pc","2019","3"
"1085","2019-04-01",17.76638,"f","디지털_가전","pc","2019","4"
"1086","2019-04-01",67.91836,"m","디지털_가전","pc","2019","4"
"1087","2019-05-01",19.20322,"f","디지털_가전","pc","2019","5"
"1088","2019-05-01",65.73342,"m","디지털_가전","pc","2019","5"
"1089","2019-06-01",17.98161,"f","디지털_가전","pc","2019","6"
"1090","2019-06-01",68.68051,"m","디지털_가전","pc","2019","6"
"1091","2019-07-01",20.46972,"f","디지털_가전","pc","2019","7"
"1092","2019-07-01",71.73276,"m","디지털_가전","pc","2019","7"
"1093","2019-08-01",19.0924,"f","디지털_가전","pc","2019","8"
"1094","2019-08-01",66.35847,"m","디지털_가전","pc","2019","8"
"1095","2019-09-01",17.96619,"f","디지털_가전","pc","2019","9"
"1096","2019-09-01",63.58932,"m","디지털_가전","pc","2019","9"
"1097","2019-10-01",19.89926,"f","디지털_가전","pc","2019","10"
"1098","2019-10-01",67.11167,"m","디지털_가전","pc","2019","10"
"1099","2019-11-01",20.91357,"f","디지털_가전","pc","2019","11"
"1100","2019-11-01",68.23026,"m","디지털_가전","pc","2019","11"
"1101","2019-12-01",18.63625,"f","디지털_가전","pc","2019","12"
"1102","2019-12-01",65.79218,"m","디지털_가전","pc","2019","12"
"1103","2020-01-01",17.37144,"f","디지털_가전","pc","2020","1"
"1104","2020-01-01",64.99175,"m","디지털_가전","pc","2020","1"
"1105","2020-02-01",20.12076,"f","디지털_가전","pc","2020","2"
"1106","2020-02-01",68.94814,"m","디지털_가전","pc","2020","2"
"1107","2020-03-01",25.89613,"f","디지털_가전","pc","2020","3"
"1108","2020-03-01",82.56838,"m","디지털_가전","pc","2020","3"
"1109","2020-04-01",25.73505,"f","디지털_가전","pc","2020","4"
"1110","2020-04-01",82.20979,"m","디지털_가전","pc","2020","4"
"1111","2020-05-01",24.52806,"f","디지털_가전","pc","2020","5"
"1112","2020-05-01",79.21555,"m","디지털_가전","pc","2020","5"
"1113","2020-06-01",25.25444,"f","디지털_가전","pc","2020","6"
"1114","2020-06-01",74.63802,"m","디지털_가전","pc","2020","6"
"1115","2020-07-01",24.27639,"f","디지털_가전","pc","2020","7"
"1116","2020-07-01",71.74425,"m","디지털_가전","pc","2020","7"
"1117","2020-08-01",23.11685,"f","디지털_가전","pc","2020","8"
"1118","2020-08-01",74.43943,"m","디지털_가전","pc","2020","8"
"1119","2020-09-01",24.33299,"f","디지털_가전","pc","2020","9"
"1120","2020-09-01",75.46953,"m","디지털_가전","pc","2020","9"
"1121","2020-10-01",22.95264,"f","디지털_가전","pc","2020","10"
"1122","2020-10-01",71.85811,"m","디지털_가전","pc","2020","10"
"1123","2020-11-01",25.47388,"f","디지털_가전","pc","2020","11"
"1124","2020-11-01",76.19564,"m","디지털_가전","pc","2020","11"
"1125","2020-12-01",28.41921,"f","디지털_가전","pc","2020","12"
"1126","2020-12-01",87.95196,"m","디지털_가전","pc","2020","12"
"1127","2018-01-01",6.36951,"f","생활_건강","pc","2018","1"
"1128","2018-01-01",64.38558,"m","생활_건강","pc","2018","1"
"1129","2018-02-01",5.07283,"f","생활_건강","pc","2018","2"
"1130","2018-02-01",55.0616,"m","생활_건강","pc","2018","2"
"1131","2018-03-01",6.48232,"f","생활_건강","pc","2018","3"
"1132","2018-03-01",68.66887,"m","생활_건강","pc","2018","3"
"1133","2018-04-01",7.03385,"f","생활_건강","pc","2018","4"
"1134","2018-04-01",67.44102,"m","생활_건강","pc","2018","4"
"1135","2018-05-01",6.82176,"f","생활_건강","pc","2018","5"
"1136","2018-05-01",66.41869,"m","생활_건강","pc","2018","5"
"1137","2018-06-01",6.62746,"f","생활_건강","pc","2018","6"
"1138","2018-06-01",60.5707,"m","생활_건강","pc","2018","6"
"1139","2018-07-01",7.43932,"f","생활_건강","pc","2018","7"
"1140","2018-07-01",64.32203,"m","생활_건강","pc","2018","7"
"1141","2018-08-01",7.20574,"f","생활_건강","pc","2018","8"
"1142","2018-08-01",67.20958,"m","생활_건강","pc","2018","8"
"1143","2018-09-01",5.58234,"f","생활_건강","pc","2018","9"
"1144","2018-09-01",56.90078,"m","생활_건강","pc","2018","9"
"1145","2018-10-01",6.77339,"f","생활_건강","pc","2018","10"
"1146","2018-10-01",67.4255,"m","생활_건강","pc","2018","10"
"1147","2018-11-01",7.05156,"f","생활_건강","pc","2018","11"
"1148","2018-11-01",65.06516,"m","생활_건강","pc","2018","11"
"1149","2018-12-01",6.42347,"f","생활_건강","pc","2018","12"
"1150","2018-12-01",61.4375,"m","생활_건강","pc","2018","12"
"1151","2019-01-01",6.62219,"f","생활_건강","pc","2019","1"
"1152","2019-01-01",63.42182,"m","생활_건강","pc","2019","1"
"1153","2019-02-01",5.41856,"f","생활_건강","pc","2019","2"
"1154","2019-02-01",54.56612,"m","생활_건강","pc","2019","2"
"1155","2019-03-01",8.69285,"f","생활_건강","pc","2019","3"
"1156","2019-03-01",76.94695,"m","생활_건강","pc","2019","3"
"1157","2019-04-01",6.89328,"f","생활_건강","pc","2019","4"
"1158","2019-04-01",65.47673,"m","생활_건강","pc","2019","4"
"1159","2019-05-01",8.09197,"f","생활_건강","pc","2019","5"
"1160","2019-05-01",76.5748,"m","생활_건강","pc","2019","5"
"1161","2019-06-01",7.98508,"f","생활_건강","pc","2019","6"
"1162","2019-06-01",70.80155,"m","생활_건강","pc","2019","6"
"1163","2019-07-01",8.70478,"f","생활_건강","pc","2019","7"
"1164","2019-07-01",90.99342,"m","생활_건강","pc","2019","7"
"1165","2019-08-01",7.91155,"f","생활_건강","pc","2019","8"
"1166","2019-08-01",86.89795,"m","생활_건강","pc","2019","8"
"1167","2019-09-01",7.00007,"f","생활_건강","pc","2019","9"
"1168","2019-09-01",88.59287,"m","생활_건강","pc","2019","9"
"1169","2019-10-01",7.76641,"f","생활_건강","pc","2019","10"
"1170","2019-10-01",92.08317,"m","생활_건강","pc","2019","10"
"1171","2019-11-01",7.835,"f","생활_건강","pc","2019","11"
"1172","2019-11-01",86.04993,"m","생활_건강","pc","2019","11"
"1173","2019-12-01",7.13263,"f","생활_건강","pc","2019","12"
"1174","2019-12-01",81.95921,"m","생활_건강","pc","2019","12"
"1175","2020-01-01",6.11212,"f","생활_건강","pc","2020","1"
"1176","2020-01-01",79.41659,"m","생활_건강","pc","2020","1"
"1177","2020-02-01",6.66734,"f","생활_건강","pc","2020","2"
"1178","2020-02-01",73.07746,"m","생활_건강","pc","2020","2"
"1179","2020-03-01",8.30029,"f","생활_건강","pc","2020","3"
"1180","2020-03-01",87.14187,"m","생활_건강","pc","2020","3"
"1181","2020-04-01",9.67907,"f","생활_건강","pc","2020","4"
"1182","2020-04-01",93.9333,"m","생활_건강","pc","2020","4"
"1183","2020-05-01",10.84118,"f","생활_건강","pc","2020","5"
"1184","2020-05-01",96.26391,"m","생활_건강","pc","2020","5"
"1185","2020-06-01",11.51918,"f","생활_건강","pc","2020","6"
"1186","2020-06-01",90.37078,"m","생활_건강","pc","2020","6"
"1187","2020-07-01",10.61967,"f","생활_건강","pc","2020","7"
"1188","2020-07-01",89.04316,"m","생활_건강","pc","2020","7"
"1189","2020-08-01",9.00121,"f","생활_건강","pc","2020","8"
"1190","2020-08-01",78.45805,"m","생활_건강","pc","2020","8"
"1191","2020-09-01",10.08421,"f","생활_건강","pc","2020","9"
"1192","2020-09-01",85.949,"m","생활_건강","pc","2020","9"
"1193","2020-10-01",10.01888,"f","생활_건강","pc","2020","10"
"1194","2020-10-01",89.40492,"m","생활_건강","pc","2020","10"
"1195","2020-11-01",10.7124,"f","생활_건강","pc","2020","11"
"1196","2020-11-01",92.67129,"m","생활_건강","pc","2020","11"
"1197","2020-12-01",11.29814,"f","생활_건강","pc","2020","12"
"1198","2020-12-01",100,"m","생활_건강","pc","2020","12"
"1199","2018-01-01",12.32005,"f","스포츠_레져","pc","2018","1"
"1200","2018-01-01",44.63748,"m","스포츠_레져","pc","2018","1"
"1201","2018-02-01",8.67117,"f","스포츠_레져","pc","2018","2"
"1202","2018-02-01",35.1531,"m","스포츠_레져","pc","2018","2"
"1203","2018-03-01",11.38549,"f","스포츠_레져","pc","2018","3"
"1204","2018-03-01",49.64982,"m","스포츠_레져","pc","2018","3"
"1205","2018-04-01",12.721,"f","스포츠_레져","pc","2018","4"
"1206","2018-04-01",52.80396,"m","스포츠_레져","pc","2018","4"
"1207","2018-05-01",14.47706,"f","스포츠_레져","pc","2018","5"
"1208","2018-05-01",58.90796,"m","스포츠_레져","pc","2018","5"
"1209","2018-06-01",15.64723,"f","스포츠_레져","pc","2018","6"
"1210","2018-06-01",58.68518,"m","스포츠_레져","pc","2018","6"
"1211","2018-07-01",20.59504,"f","스포츠_레져","pc","2018","7"
"1212","2018-07-01",64.63347,"m","스포츠_레져","pc","2018","7"
"1213","2018-08-01",16.90144,"f","스포츠_레져","pc","2018","8"
"1214","2018-08-01",59.27474,"m","스포츠_레져","pc","2018","8"
"1215","2018-09-01",11.8461,"f","스포츠_레져","pc","2018","9"
"1216","2018-09-01",53.88599,"m","스포츠_레져","pc","2018","9"
"1217","2018-10-01",16.80853,"f","스포츠_레져","pc","2018","10"
"1218","2018-10-01",70.37117,"m","스포츠_레져","pc","2018","10"
"1219","2018-11-01",15.75065,"f","스포츠_레져","pc","2018","11"
"1220","2018-11-01",58.85891,"m","스포츠_레져","pc","2018","11"
"1221","2018-12-01",14.58699,"f","스포츠_레져","pc","2018","12"
"1222","2018-12-01",51.7942,"m","스포츠_레져","pc","2018","12"
"1223","2019-01-01",12.55377,"f","스포츠_레져","pc","2019","1"
"1224","2019-01-01",48.13287,"m","스포츠_레져","pc","2019","1"
"1225","2019-02-01",9.74923,"f","스포츠_레져","pc","2019","2"
"1226","2019-02-01",39.89931,"m","스포츠_레져","pc","2019","2"
"1227","2019-03-01",12.78851,"f","스포츠_레져","pc","2019","3"
"1228","2019-03-01",54.10578,"m","스포츠_레져","pc","2019","3"
"1229","2019-04-01",14.78633,"f","스포츠_레져","pc","2019","4"
"1230","2019-04-01",58.36226,"m","스포츠_레져","pc","2019","4"
"1231","2019-05-01",17.6067,"f","스포츠_레져","pc","2019","5"
"1232","2019-05-01",67.91759,"m","스포츠_레져","pc","2019","5"
"1233","2019-06-01",18.15861,"f","스포츠_레져","pc","2019","6"
"1234","2019-06-01",68.73839,"m","스포츠_레져","pc","2019","6"
"1235","2019-07-01",22.64129,"f","스포츠_레져","pc","2019","7"
"1236","2019-07-01",76.2977,"m","스포츠_레져","pc","2019","7"
"1237","2019-08-01",17.98596,"f","스포츠_레져","pc","2019","8"
"1238","2019-08-01",65.58171,"m","스포츠_레져","pc","2019","8"
"1239","2019-09-01",15.27875,"f","스포츠_레져","pc","2019","9"
"1240","2019-09-01",64.68988,"m","스포츠_레져","pc","2019","9"
"1241","2019-10-01",18.21617,"f","스포츠_레져","pc","2019","10"
"1242","2019-10-01",75.05762,"m","스포츠_레져","pc","2019","10"
"1243","2019-11-01",19.01328,"f","스포츠_레져","pc","2019","11"
"1244","2019-11-01",69.87451,"m","스포츠_레져","pc","2019","11"
"1245","2019-12-01",15.09018,"f","스포츠_레져","pc","2019","12"
"1246","2019-12-01",56.68263,"m","스포츠_레져","pc","2019","12"
"1247","2020-01-01",11.23837,"f","스포츠_레져","pc","2020","1"
"1248","2020-01-01",45.73273,"m","스포츠_레져","pc","2020","1"
"1249","2020-02-01",10.77732,"f","스포츠_레져","pc","2020","2"
"1250","2020-02-01",49.0136,"m","스포츠_레져","pc","2020","2"
"1251","2020-03-01",13.33145,"f","스포츠_레져","pc","2020","3"
"1252","2020-03-01",66.72839,"m","스포츠_레져","pc","2020","3"
"1253","2020-04-01",18.09298,"f","스포츠_레져","pc","2020","4"
"1254","2020-04-01",86.91116,"m","스포츠_레져","pc","2020","4"
"1255","2020-05-01",20.87943,"f","스포츠_레져","pc","2020","5"
"1256","2020-05-01",100,"m","스포츠_레져","pc","2020","5"
"1257","2020-06-01",21.88456,"f","스포츠_레져","pc","2020","6"
"1258","2020-06-01",96.49296,"m","스포츠_레져","pc","2020","6"
"1259","2020-07-01",22.17349,"f","스포츠_레져","pc","2020","7"
"1260","2020-07-01",92.36232,"m","스포츠_레져","pc","2020","7"
"1261","2020-08-01",16.46218,"f","스포츠_레져","pc","2020","8"
"1262","2020-08-01",74.07664,"m","스포츠_레져","pc","2020","8"
"1263","2020-09-01",17.8264,"f","스포츠_레져","pc","2020","9"
"1264","2020-09-01",84.94379,"m","스포츠_레져","pc","2020","9"
"1265","2020-10-01",21.86743,"f","스포츠_레져","pc","2020","10"
"1266","2020-10-01",94.66179,"m","스포츠_레져","pc","2020","10"
"1267","2020-11-01",21.34057,"f","스포츠_레져","pc","2020","11"
"1268","2020-11-01",85.4273,"m","스포츠_레져","pc","2020","11"
"1269","2020-12-01",19.24927,"f","스포츠_레져","pc","2020","12"
"1270","2020-12-01",79.06707,"m","스포츠_레져","pc","2020","12"
"1271","2018-01-01",40.41669,"f","식품","pc","2018","1"
"1272","2018-01-01",50.7708,"m","식품","pc","2018","1"
"1273","2018-02-01",35.37912,"f","식품","pc","2018","2"
"1274","2018-02-01",44.3273,"m","식품","pc","2018","2"
"1275","2018-03-01",35.82157,"f","식품","pc","2018","3"
"1276","2018-03-01",47.28497,"m","식품","pc","2018","3"
"1277","2018-04-01",37.3167,"f","식품","pc","2018","4"
"1278","2018-04-01",46.35842,"m","식품","pc","2018","4"
"1279","2018-05-01",36.96592,"f","식품","pc","2018","5"
"1280","2018-05-01",47.18844,"m","식품","pc","2018","5"
"1281","2018-06-01",34.65393,"f","식품","pc","2018","6"
"1282","2018-06-01",44.31263,"m","식품","pc","2018","6"
"1283","2018-07-01",36.59863,"f","식품","pc","2018","7"
"1284","2018-07-01",48.95525,"m","식품","pc","2018","7"
"1285","2018-08-01",40.8876,"f","식품","pc","2018","8"
"1286","2018-08-01",52.2068,"m","식품","pc","2018","8"
"1287","2018-09-01",41.00917,"f","식품","pc","2018","9"
"1288","2018-09-01",53.40595,"m","식품","pc","2018","9"
"1289","2018-10-01",41.28487,"f","식품","pc","2018","10"
"1290","2018-10-01",53.65293,"m","식품","pc","2018","10"
"1291","2018-11-01",40.77154,"f","식품","pc","2018","11"
"1292","2018-11-01",51.56771,"m","식품","pc","2018","11"
"1293","2018-12-01",36.06673,"f","식품","pc","2018","12"
"1294","2018-12-01",49.50617,"m","식품","pc","2018","12"
"1295","2019-01-01",49.73483,"f","식품","pc","2019","1"
"1296","2019-01-01",66.78657,"m","식품","pc","2019","1"
"1297","2019-02-01",35.34338,"f","식품","pc","2019","2"
"1298","2019-02-01",49.03634,"m","식품","pc","2019","2"
"1299","2019-03-01",48.67974,"f","식품","pc","2019","3"
"1300","2019-03-01",62.5261,"m","식품","pc","2019","3"
"1301","2019-04-01",57.97085,"f","식품","pc","2019","4"
"1302","2019-04-01",62.40625,"m","식품","pc","2019","4"
"1303","2019-05-01",58.07782,"f","식품","pc","2019","5"
"1304","2019-05-01",58.56222,"m","식품","pc","2019","5"
"1305","2019-06-01",45.59481,"f","식품","pc","2019","6"
"1306","2019-06-01",60.02609,"m","식품","pc","2019","6"
"1307","2019-07-01",48.45598,"f","식품","pc","2019","7"
"1308","2019-07-01",64.69549,"m","식품","pc","2019","7"
"1309","2019-08-01",49.3239,"f","식품","pc","2019","8"
"1310","2019-08-01",64.14861,"m","식품","pc","2019","8"
"1311","2019-09-01",48.52466,"f","식품","pc","2019","9"
"1312","2019-09-01",62.9341,"m","식품","pc","2019","9"
"1313","2019-10-01",50.32909,"f","식품","pc","2019","10"
"1314","2019-10-01",65.47708,"m","식품","pc","2019","10"
"1315","2019-11-01",49.39328,"f","식품","pc","2019","11"
"1316","2019-11-01",65.51099,"m","식품","pc","2019","11"
"1317","2019-12-01",45.39281,"f","식품","pc","2019","12"
"1318","2019-12-01",63.48863,"m","식품","pc","2019","12"
"1319","2020-01-01",48.7367,"f","식품","pc","2020","1"
"1320","2020-01-01",68.70653,"m","식품","pc","2020","1"
"1321","2020-02-01",54.43836,"f","식품","pc","2020","2"
"1322","2020-02-01",71.25162,"m","식품","pc","2020","2"
"1323","2020-03-01",67.05728,"f","식품","pc","2020","3"
"1324","2020-03-01",87.13632,"m","식품","pc","2020","3"
"1325","2020-04-01",65.96281,"f","식품","pc","2020","4"
"1326","2020-04-01",84.48966,"m","식품","pc","2020","4"
"1327","2020-05-01",59.09481,"f","식품","pc","2020","5"
"1328","2020-05-01",80.14797,"m","식품","pc","2020","5"
"1329","2020-06-01",62.25042,"f","식품","pc","2020","6"
"1330","2020-06-01",80.28975,"m","식품","pc","2020","6"
"1331","2020-07-01",63.19027,"f","식품","pc","2020","7"
"1332","2020-07-01",79.76406,"m","식품","pc","2020","7"
"1333","2020-08-01",58.21395,"f","식품","pc","2020","8"
"1334","2020-08-01",76.86702,"m","식품","pc","2020","8"
"1335","2020-09-01",78.71665,"f","식품","pc","2020","9"
"1336","2020-09-01",96.04416,"m","식품","pc","2020","9"
"1337","2020-10-01",61.3665,"f","식품","pc","2020","10"
"1338","2020-10-01",81.59296,"m","식품","pc","2020","10"
"1339","2020-11-01",66.73405,"f","식품","pc","2020","11"
"1340","2020-11-01",86.96551,"m","식품","pc","2020","11"
"1341","2020-12-01",75.10501,"f","식품","pc","2020","12"
"1342","2020-12-01",100,"m","식품","pc","2020","12"
"1343","2020-02-01",7.60572,"f","여가_생활편의","pc","2020","2"
"1344","2020-02-01",12.28199,"m","여가_생활편의","pc","2020","2"
"1345","2020-03-01",21.29099,"f","여가_생활편의","pc","2020","3"
"1346","2020-03-01",30.71522,"m","여가_생활편의","pc","2020","3"
"1347","2020-04-01",34.12571,"f","여가_생활편의","pc","2020","4"
"1348","2020-04-01",45.12577,"m","여가_생활편의","pc","2020","4"
"1349","2020-05-01",34.53976,"f","여가_생활편의","pc","2020","5"
"1350","2020-05-01",45.31644,"m","여가_생활편의","pc","2020","5"
"1351","2020-06-01",55.26582,"f","여가_생활편의","pc","2020","6"
"1352","2020-06-01",65.24513,"m","여가_생활편의","pc","2020","6"
"1353","2020-07-01",93.36419,"f","여가_생활편의","pc","2020","7"
"1354","2020-07-01",100,"m","여가_생활편의","pc","2020","7"
"1355","2020-08-01",57.69338,"f","여가_생활편의","pc","2020","8"
"1356","2020-08-01",72.23196,"m","여가_생활편의","pc","2020","8"
"1357","2020-09-01",27.00021,"f","여가_생활편의","pc","2020","9"
"1358","2020-09-01",37.16626,"m","여가_생활편의","pc","2020","9"
"1359","2020-10-01",38.45411,"f","여가_생활편의","pc","2020","10"
"1360","2020-10-01",48.25457,"m","여가_생활편의","pc","2020","10"
"1361","2020-11-01",42.07221,"f","여가_생활편의","pc","2020","11"
"1362","2020-11-01",48.38536,"m","여가_생활편의","pc","2020","11"
"1363","2020-12-01",21.40681,"f","여가_생활편의","pc","2020","12"
"1364","2020-12-01",35.24415,"m","여가_생활편의","pc","2020","12"
"1365","2018-01-01",58.09959,"f","출산_육아","pc","2018","1"
"1366","2018-01-01",46.67406,"m","출산_육아","pc","2018","1"
"1367","2018-02-01",49.99966,"f","출산_육아","pc","2018","2"
"1368","2018-02-01",39.24316,"m","출산_육아","pc","2018","2"
"1369","2018-03-01",63.2471,"f","출산_육아","pc","2018","3"
"1370","2018-03-01",48.5655,"m","출산_육아","pc","2018","3"
"1371","2018-04-01",63.73624,"f","출산_육아","pc","2018","4"
"1372","2018-04-01",48.76513,"m","출산_육아","pc","2018","4"
"1373","2018-05-01",60.54232,"f","출산_육아","pc","2018","5"
"1374","2018-05-01",46.79692,"m","출산_육아","pc","2018","5"
"1375","2018-06-01",55.97424,"f","출산_육아","pc","2018","6"
"1376","2018-06-01",40.65037,"m","출산_육아","pc","2018","6"
"1377","2018-07-01",58.96555,"f","출산_육아","pc","2018","7"
"1378","2018-07-01",45.70599,"m","출산_육아","pc","2018","7"
"1379","2018-08-01",51.37395,"f","출산_육아","pc","2018","8"
"1380","2018-08-01",43.15975,"m","출산_육아","pc","2018","8"
"1381","2018-09-01",47.39745,"f","출산_육아","pc","2018","9"
"1382","2018-09-01",37.93902,"m","출산_육아","pc","2018","9"
"1383","2018-10-01",57.24947,"f","출산_육아","pc","2018","10"
"1384","2018-10-01",43.91852,"m","출산_육아","pc","2018","10"
"1385","2018-11-01",59.40093,"f","출산_육아","pc","2018","11"
"1386","2018-11-01",42.26671,"m","출산_육아","pc","2018","11"
"1387","2018-12-01",67.15141,"f","출산_육아","pc","2018","12"
"1388","2018-12-01",52.88734,"m","출산_육아","pc","2018","12"
"1389","2019-01-01",54.18397,"f","출산_육아","pc","2019","1"
"1390","2019-01-01",45.4622,"m","출산_육아","pc","2019","1"
"1391","2019-02-01",49.50742,"f","출산_육아","pc","2019","2"
"1392","2019-02-01",38.64314,"m","출산_육아","pc","2019","2"
"1393","2019-03-01",77.6595,"f","출산_육아","pc","2019","3"
"1394","2019-03-01",51.7914,"m","출산_육아","pc","2019","3"
"1395","2019-04-01",84.02527,"f","출산_육아","pc","2019","4"
"1396","2019-04-01",59.59328,"m","출산_육아","pc","2019","4"
"1397","2019-05-01",80.18333,"f","출산_육아","pc","2019","5"
"1398","2019-05-01",51.32078,"m","출산_육아","pc","2019","5"
"1399","2019-06-01",71.99828,"f","출산_육아","pc","2019","6"
"1400","2019-06-01",47.24797,"m","출산_육아","pc","2019","6"
"1401","2019-07-01",77.68192,"f","출산_육아","pc","2019","7"
"1402","2019-07-01",53.28577,"m","출산_육아","pc","2019","7"
"1403","2019-08-01",65.16557,"f","출산_육아","pc","2019","8"
"1404","2019-08-01",45.43962,"m","출산_육아","pc","2019","8"
"1405","2019-09-01",74.2454,"f","출산_육아","pc","2019","9"
"1406","2019-09-01",45.91054,"m","출산_육아","pc","2019","9"
"1407","2019-10-01",83.61362,"f","출산_육아","pc","2019","10"
"1408","2019-10-01",51.5327,"m","출산_육아","pc","2019","10"
"1409","2019-11-01",90.5339,"f","출산_육아","pc","2019","11"
"1410","2019-11-01",52.77307,"m","출산_육아","pc","2019","11"
"1411","2019-12-01",86.80313,"f","출산_육아","pc","2019","12"
"1412","2019-12-01",61.16005,"m","출산_육아","pc","2019","12"
"1413","2020-01-01",61.61801,"f","출산_육아","pc","2020","1"
"1414","2020-01-01",46.18449,"m","출산_육아","pc","2020","1"
"1415","2020-02-01",78.10856,"f","출산_육아","pc","2020","2"
"1416","2020-02-01",56.28327,"m","출산_육아","pc","2020","2"
"1417","2020-03-01",87.13034,"f","출산_육아","pc","2020","3"
"1418","2020-03-01",65.49795,"m","출산_육아","pc","2020","3"
"1419","2020-04-01",87.20601,"f","출산_육아","pc","2020","4"
"1420","2020-04-01",65.26777,"m","출산_육아","pc","2020","4"
"1421","2020-05-01",88.61052,"f","출산_육아","pc","2020","5"
"1422","2020-05-01",61.03176,"m","출산_육아","pc","2020","5"
"1423","2020-06-01",86.02187,"f","출산_육아","pc","2020","6"
"1424","2020-06-01",55.89348,"m","출산_육아","pc","2020","6"
"1425","2020-07-01",72.94042,"f","출산_육아","pc","2020","7"
"1426","2020-07-01",51.7781,"m","출산_육아","pc","2020","7"
"1427","2020-08-01",60.33455,"f","출산_육아","pc","2020","8"
"1428","2020-08-01",46.65291,"m","출산_육아","pc","2020","8"
"1429","2020-09-01",76.88243,"f","출산_육아","pc","2020","9"
"1430","2020-09-01",51.40285,"m","출산_육아","pc","2020","9"
"1431","2020-10-01",84.2885,"f","출산_육아","pc","2020","10"
"1432","2020-10-01",51.19173,"m","출산_육아","pc","2020","10"
"1433","2020-11-01",90.48501,"f","출산_육아","pc","2020","11"
"1434","2020-11-01",55.08544,"m","출산_육아","pc","2020","11"
"1435","2020-12-01",100,"f","출산_육아","pc","2020","12"
"1436","2020-12-01",75.37163,"m","출산_육아","pc","2020","12"
"1437","2018-01-01",62.72624,"f","패션잡화","pc","2018","1"
"1438","2018-01-01",75.85364,"m","패션잡화","pc","2018","1"
"1439","2018-02-01",55.17919,"f","패션잡화","pc","2018","2"
"1440","2018-02-01",68.36559,"m","패션잡화","pc","2018","2"
"1441","2018-03-01",67.92381,"f","패션잡화","pc","2018","3"
"1442","2018-03-01",80.52754,"m","패션잡화","pc","2018","3"
"1443","2018-04-01",65.04194,"f","패션잡화","pc","2018","4"
"1444","2018-04-01",75.91957,"m","패션잡화","pc","2018","4"
"1445","2018-05-01",67.92667,"f","패션잡화","pc","2018","5"
"1446","2018-05-01",78.64151,"m","패션잡화","pc","2018","5"
"1447","2018-06-01",68.70521,"f","패션잡화","pc","2018","6"
"1448","2018-06-01",77.62963,"m","패션잡화","pc","2018","6"
"1449","2018-07-01",68.95602,"f","패션잡화","pc","2018","7"
"1450","2018-07-01",83.6132,"m","패션잡화","pc","2018","7"
"1451","2018-08-01",63.55306,"f","패션잡화","pc","2018","8"
"1452","2018-08-01",79.23476,"m","패션잡화","pc","2018","8"
"1453","2018-09-01",59.6869,"f","패션잡화","pc","2018","9"
"1454","2018-09-01",72.20796,"m","패션잡화","pc","2018","9"
"1455","2018-10-01",70.49742,"f","패션잡화","pc","2018","10"
"1456","2018-10-01",79.68575,"m","패션잡화","pc","2018","10"
"1457","2018-11-01",69.14448,"f","패션잡화","pc","2018","11"
"1458","2018-11-01",76.91137,"m","패션잡화","pc","2018","11"
"1459","2018-12-01",66.78852,"f","패션잡화","pc","2018","12"
"1460","2018-12-01",77.48836,"m","패션잡화","pc","2018","12"
"1461","2019-01-01",61.60311,"f","패션잡화","pc","2019","1"
"1462","2019-01-01",77.61422,"m","패션잡화","pc","2019","1"
"1463","2019-02-01",58.20914,"f","패션잡화","pc","2019","2"
"1464","2019-02-01",72.84028,"m","패션잡화","pc","2019","2"
"1465","2019-03-01",69.27925,"f","패션잡화","pc","2019","3"
"1466","2019-03-01",85.16364,"m","패션잡화","pc","2019","3"
"1467","2019-04-01",70.96683,"f","패션잡화","pc","2019","4"
"1468","2019-04-01",82.44078,"m","패션잡화","pc","2019","4"
"1469","2019-05-01",78.40172,"f","패션잡화","pc","2019","5"
"1470","2019-05-01",91.67273,"m","패션잡화","pc","2019","5"
"1471","2019-06-01",76.45444,"f","패션잡화","pc","2019","6"
"1472","2019-06-01",88.77802,"m","패션잡화","pc","2019","6"
"1473","2019-07-01",79.68265,"f","패션잡화","pc","2019","7"
"1474","2019-07-01",94.72839,"m","패션잡화","pc","2019","7"
"1475","2019-08-01",66.3872,"f","패션잡화","pc","2019","8"
"1476","2019-08-01",81.03643,"m","패션잡화","pc","2019","8"
"1477","2019-09-01",68.80787,"f","패션잡화","pc","2019","9"
"1478","2019-09-01",79.15853,"m","패션잡화","pc","2019","9"
"1479","2019-10-01",73.10204,"f","패션잡화","pc","2019","10"
"1480","2019-10-01",81.70976,"m","패션잡화","pc","2019","10"
"1481","2019-11-01",75.28307,"f","패션잡화","pc","2019","11"
"1482","2019-11-01",82.78421,"m","패션잡화","pc","2019","11"
"1483","2019-12-01",68.58491,"f","패션잡화","pc","2019","12"
"1484","2019-12-01",81.28824,"m","패션잡화","pc","2019","12"
"1485","2020-01-01",56.31351,"f","패션잡화","pc","2020","1"
"1486","2020-01-01",73.68137,"m","패션잡화","pc","2020","1"
"1487","2020-02-01",62.51433,"f","패션잡화","pc","2020","2"
"1488","2020-02-01",76.59158,"m","패션잡화","pc","2020","2"
"1489","2020-03-01",70.62852,"f","패션잡화","pc","2020","3"
"1490","2020-03-01",83.7016,"m","패션잡화","pc","2020","3"
"1491","2020-04-01",72.0597,"f","패션잡화","pc","2020","4"
"1492","2020-04-01",91.11578,"m","패션잡화","pc","2020","4"
"1493","2020-05-01",79.88684,"f","패션잡화","pc","2020","5"
"1494","2020-05-01",100,"m","패션잡화","pc","2020","5"
"1495","2020-06-01",80.79184,"f","패션잡화","pc","2020","6"
"1496","2020-06-01",91.23998,"m","패션잡화","pc","2020","6"
"1497","2020-07-01",71.49389,"f","패션잡화","pc","2020","7"
"1498","2020-07-01",84.4524,"m","패션잡화","pc","2020","7"
"1499","2020-08-01",57.35632,"f","패션잡화","pc","2020","8"
"1500","2020-08-01",73.88664,"m","패션잡화","pc","2020","8"
"1501","2020-09-01",59.48114,"f","패션잡화","pc","2020","9"
"1502","2020-09-01",70.50734,"m","패션잡화","pc","2020","9"
"1503","2020-10-01",64.49472,"f","패션잡화","pc","2020","10"
"1504","2020-10-01",72.86336,"m","패션잡화","pc","2020","10"
"1505","2020-11-01",75.78089,"f","패션잡화","pc","2020","11"
"1506","2020-11-01",82.34549,"m","패션잡화","pc","2020","11"
"1507","2020-12-01",78.51738,"f","패션잡화","pc","2020","12"
"1508","2020-12-01",89.20315,"m","패션잡화","pc","2020","12"
"1509","2018-01-01",90.08961,"f","화장품_미용","pc","2018","1"
"1510","2018-01-01",61.17075,"m","화장품_미용","pc","2018","1"
"1511","2018-02-01",76.66463,"f","화장품_미용","pc","2018","2"
"1512","2018-02-01",53.10934,"m","화장품_미용","pc","2018","2"
"1513","2018-03-01",81.68247,"f","화장품_미용","pc","2018","3"
"1514","2018-03-01",59.56358,"m","화장품_미용","pc","2018","3"
"1515","2018-04-01",81.61854,"f","화장품_미용","pc","2018","4"
"1516","2018-04-01",57.55077,"m","화장품_미용","pc","2018","4"
"1517","2018-05-01",82.13451,"f","화장품_미용","pc","2018","5"
"1518","2018-05-01",58.85826,"m","화장품_미용","pc","2018","5"
"1519","2018-06-01",75.73636,"f","화장품_미용","pc","2018","6"
"1520","2018-06-01",53.97152,"m","화장품_미용","pc","2018","6"
"1521","2018-07-01",78.25631,"f","화장품_미용","pc","2018","7"
"1522","2018-07-01",57.11118,"m","화장품_미용","pc","2018","7"
"1523","2018-08-01",83.27955,"f","화장품_미용","pc","2018","8"
"1524","2018-08-01",59.06942,"m","화장품_미용","pc","2018","8"
"1525","2018-09-01",73.8514,"f","화장품_미용","pc","2018","9"
"1526","2018-09-01",53.4502,"m","화장품_미용","pc","2018","9"
"1527","2018-10-01",90.92615,"f","화장품_미용","pc","2018","10"
"1528","2018-10-01",65.61376,"m","화장품_미용","pc","2018","10"
"1529","2018-11-01",88.22805,"f","화장품_미용","pc","2018","11"
"1530","2018-11-01",61.82638,"m","화장품_미용","pc","2018","11"
"1531","2018-12-01",82.08198,"f","화장품_미용","pc","2018","12"
"1532","2018-12-01",60.86541,"m","화장품_미용","pc","2018","12"
"1533","2019-01-01",93.16548,"f","화장품_미용","pc","2019","1"
"1534","2019-01-01",67.61122,"m","화장품_미용","pc","2019","1"
"1535","2019-02-01",77.9482,"f","화장품_미용","pc","2019","2"
"1536","2019-02-01",58.40207,"m","화장품_미용","pc","2019","2"
"1537","2019-03-01",86.12251,"f","화장품_미용","pc","2019","3"
"1538","2019-03-01",66.86939,"m","화장품_미용","pc","2019","3"
"1539","2019-04-01",84.08122,"f","화장품_미용","pc","2019","4"
"1540","2019-04-01",63.1342,"m","화장품_미용","pc","2019","4"
"1541","2019-05-01",90.61363,"f","화장품_미용","pc","2019","5"
"1542","2019-05-01",69.48286,"m","화장품_미용","pc","2019","5"
"1543","2019-06-01",89.8024,"f","화장품_미용","pc","2019","6"
"1544","2019-06-01",67.01273,"m","화장품_미용","pc","2019","6"
"1545","2019-07-01",99.77756,"f","화장품_미용","pc","2019","7"
"1546","2019-07-01",71.82586,"m","화장품_미용","pc","2019","7"
"1547","2019-08-01",91.82128,"f","화장품_미용","pc","2019","8"
"1548","2019-08-01",66.33054,"m","화장품_미용","pc","2019","8"
"1549","2019-09-01",84.81356,"f","화장품_미용","pc","2019","9"
"1550","2019-09-01",61.60764,"m","화장품_미용","pc","2019","9"
"1551","2019-10-01",93.65964,"f","화장품_미용","pc","2019","10"
"1552","2019-10-01",68.65905,"m","화장품_미용","pc","2019","10"
"1553","2019-11-01",93.92919,"f","화장품_미용","pc","2019","11"
"1554","2019-11-01",71.6611,"m","화장품_미용","pc","2019","11"
"1555","2019-12-01",88.69881,"f","화장품_미용","pc","2019","12"
"1556","2019-12-01",67.6731,"m","화장품_미용","pc","2019","12"
"1557","2020-01-01",87.80435,"f","화장품_미용","pc","2020","1"
"1558","2020-01-01",66.44258,"m","화장품_미용","pc","2020","1"
"1559","2020-02-01",95.59376,"f","화장품_미용","pc","2020","2"
"1560","2020-02-01",71.11013,"m","화장품_미용","pc","2020","2"
"1561","2020-03-01",99.88288,"f","화장품_미용","pc","2020","3"
"1562","2020-03-01",76.14016,"m","화장품_미용","pc","2020","3"
"1563","2020-04-01",95.00846,"f","화장품_미용","pc","2020","4"
"1564","2020-04-01",71.82362,"m","화장품_미용","pc","2020","4"
"1565","2020-05-01",91.70205,"f","화장품_미용","pc","2020","5"
"1566","2020-05-01",72.91758,"m","화장품_미용","pc","2020","5"
"1567","2020-06-01",91.31651,"f","화장품_미용","pc","2020","6"
"1568","2020-06-01",70.16993,"m","화장품_미용","pc","2020","6"
"1569","2020-07-01",92.41884,"f","화장품_미용","pc","2020","7"
"1570","2020-07-01",66.23202,"m","화장품_미용","pc","2020","7"
"1571","2020-08-01",84.17395,"f","화장품_미용","pc","2020","8"
"1572","2020-08-01",62.23723,"m","화장품_미용","pc","2020","8"
"1573","2020-09-01",88.89633,"f","화장품_미용","pc","2020","9"
"1574","2020-09-01",63.07423,"m","화장품_미용","pc","2020","9"
"1575","2020-10-01",85.89335,"f","화장품_미용","pc","2020","10"
"1576","2020-10-01",66.99428,"m","화장품_미용","pc","2020","10"
"1577","2020-11-01",95.68675,"f","화장품_미용","pc","2020","11"
"1578","2020-11-01",72.93142,"m","화장품_미용","pc","2020","11"
"1579","2020-12-01",100,"f","화장품_미용","pc","2020","12"
"1580","2020-12-01",78.81249,"m","화장품_미용","pc","2020","12"
